Date,Labels,Predictions,Epistemic,Aleatoric
2022-01-01 00:00:00,1.6,2.2106223,0.8235839605331421,1.1318316459655762
2022-01-01 01:00:00,1.6,1.2405564,,
2022-01-01 02:00:00,1.6,1.3119901,,
2022-01-01 03:00:00,1.6,1.9993566,,
2022-01-01 04:00:00,1.6,2.0378878,,
2022-01-01 05:00:00,1.6,2.0368721,,
2022-01-01 06:00:00,3.0,1.9352725,,
2022-01-01 07:00:00,3.0,1.9795974,,
2022-01-01 08:00:00,3.0,2.2036707,,
2022-01-01 09:00:00,3.0,2.271916,,
2022-01-01 10:00:00,3.0,2.3034277,,
2022-01-01 11:00:00,3.0,2.1778934,,
2022-01-01 12:00:00,1.3,2.4759161,,
2022-01-01 13:00:00,1.3,1.9653301,,
2022-01-01 14:00:00,1.3,2.014609,,
2022-01-01 15:00:00,3.0,2.1164703,,
2022-01-01 16:00:00,3.0,2.3489108,,
2022-01-01 17:00:00,3.0,2.3530114,,
2022-01-01 18:00:00,1.6,2.2423184,,
2022-01-01 19:00:00,1.6,2.0729938,,
2022-01-01 20:00:00,1.6,1.924324,,
2022-01-01 21:00:00,1.3,2.186442,,
2022-01-01 22:00:00,1.3,2.0680542,,
2022-01-01 23:00:00,1.3,1.8874668,,
2022-01-02 00:00:00,1.3,2.0050216,,
2022-01-02 01:00:00,1.3,2.0521114,,
2022-01-02 02:00:00,1.3,1.8908981,,
2022-01-02 03:00:00,1.0,1.995951,,
2022-01-02 04:00:00,1.0,1.7991416,,
2022-01-02 05:00:00,1.0,1.7962377,,
2022-01-02 06:00:00,2.3,1.5943114,,
2022-01-02 07:00:00,2.3,1.7826889,,
2022-01-02 08:00:00,2.3,1.6878418,,
2022-01-02 09:00:00,2.3,1.9558487,,
2022-01-02 10:00:00,2.3,1.5452502,,
2022-01-02 11:00:00,2.3,1.7235365,,
2022-01-02 12:00:00,3.3,1.8340397,,
2022-01-02 13:00:00,3.3,2.3658519,,
2022-01-02 14:00:00,3.3,1.8826603,,
2022-01-02 15:00:00,2.0,1.402955,,
2022-01-02 16:00:00,2.0,1.4420799,,
2022-01-02 17:00:00,2.0,1.9512736,,
2022-01-02 18:00:00,4.0,1.7742449,,
2022-01-02 19:00:00,4.0,1.9035101,,
2022-01-02 20:00:00,4.0,2.396973,,
2022-01-02 21:00:00,3.3,2.610685,,
2022-01-02 22:00:00,3.3,2.878831,,
2022-01-02 23:00:00,3.3,2.9700623,,
2022-01-03 00:00:00,3.0,2.735187,,
2022-01-03 01:00:00,3.0,2.5877562,,
2022-01-03 02:00:00,3.0,2.7517192,,
2022-01-03 03:00:00,2.0,2.3391166,,
2022-01-03 04:00:00,2.0,1.237924,,
2022-01-03 05:00:00,2.0,1.1724308,,
2022-01-03 06:00:00,1.3,1.0169888,,
2022-01-03 07:00:00,1.3,1.392353,,
2022-01-03 08:00:00,1.3,1.1689298,,
2022-01-03 09:00:00,1.6,1.3166708,,
2022-01-03 10:00:00,1.6,1.8554655,,
2022-01-03 11:00:00,1.6,1.6856549,,
2022-01-03 12:00:00,2.0,1.7022734,,
2022-01-03 13:00:00,2.0,1.5189003,,
2022-01-03 14:00:00,2.0,1.235149,,
2022-01-03 15:00:00,2.3,1.4848852,,
2022-01-03 16:00:00,2.3,1.6312679,,
2022-01-03 17:00:00,2.3,1.6882744,,
2022-01-03 18:00:00,3.0,1.508179,,
2022-01-03 19:00:00,3.0,1.5973308,,
2022-01-03 20:00:00,3.0,1.677661,,
2022-01-03 21:00:00,0.6,1.9028814,,
2022-01-03 22:00:00,0.6,1.7328937,,
2022-01-03 23:00:00,0.6,1.2175655,,
2022-01-04 00:00:00,1.3,1.374568,,
2022-01-04 01:00:00,1.3,1.3714758,,
2022-01-04 02:00:00,1.3,1.1034825,,
2022-01-04 03:00:00,0.6,0.87899935,,
2022-01-04 04:00:00,0.6,0.92716426,,
2022-01-04 05:00:00,0.6,0.9994787,,
2022-01-04 06:00:00,0.0,1.0089114,,
2022-01-04 07:00:00,0.0,1.0786684,,
2022-01-04 08:00:00,0.0,0.83463496,,
2022-01-04 09:00:00,0.3,0.78022563,,
2022-01-04 10:00:00,0.3,0.65266263,,
2022-01-04 11:00:00,0.3,0.67548203,,
2022-01-04 12:00:00,0.3,0.6432713,,
2022-01-04 13:00:00,0.3,0.6169316,,
2022-01-04 14:00:00,0.3,0.44796976,,
2022-01-04 15:00:00,0.6,0.43533236,,
2022-01-04 16:00:00,0.6,0.50679064,,
2022-01-04 17:00:00,0.6,0.6374282,,
2022-01-04 18:00:00,2.3,0.7558699,,
2022-01-04 19:00:00,2.3,0.92916584,,
2022-01-04 20:00:00,2.3,1.0675228,,
2022-01-04 21:00:00,0.0,1.1810453,,
2022-01-04 22:00:00,0.0,0.806647,,
2022-01-04 23:00:00,0.0,0.53002506,,
2022-01-05 00:00:00,0.0,0.5273479,,
2022-01-05 01:00:00,0.0,0.7568121,,
2022-01-05 02:00:00,0.0,0.43105936,,
2022-01-05 03:00:00,0.6,0.572728,,
2022-01-05 04:00:00,0.6,0.44935495,,
2022-01-05 05:00:00,0.6,1.2526592,,
2022-01-05 06:00:00,1.3,1.4085258,,
2022-01-05 07:00:00,1.3,0.78140813,,
2022-01-05 08:00:00,1.3,0.815347,,
2022-01-05 09:00:00,0.0,0.61185884,,
2022-01-05 10:00:00,0.0,0.5695952,,
2022-01-05 11:00:00,0.0,0.66708887,,
2022-01-05 12:00:00,0.0,0.56463957,,
2022-01-05 13:00:00,0.0,0.49735937,,
2022-01-05 14:00:00,0.0,0.5345194,,
2022-01-05 15:00:00,0.0,0.5566344,,
2022-01-05 16:00:00,0.0,0.69503725,,
2022-01-05 17:00:00,0.0,0.6075274,,
2022-01-05 18:00:00,0.0,0.37667522,,
2022-01-05 19:00:00,0.0,0.47141132,,
2022-01-05 20:00:00,0.0,0.43938327,,
2022-01-05 21:00:00,0.0,0.47815675,,
2022-01-05 22:00:00,0.0,0.50759465,,
2022-01-05 23:00:00,0.0,0.45596227,,
2022-01-06 00:00:00,0.0,0.3742896,,
2022-01-06 01:00:00,0.0,0.37685406,,
2022-01-06 02:00:00,0.0,0.35966188,,
2022-01-06 03:00:00,0.0,0.3938086,,
2022-01-06 04:00:00,0.0,0.36091197,,
2022-01-06 05:00:00,0.0,0.32486436,,
2022-01-06 06:00:00,0.0,0.377966,,
2022-01-06 07:00:00,0.0,0.3499996,,
2022-01-06 08:00:00,0.0,0.3130784,,
2022-01-06 09:00:00,0.3,0.31623358,,
2022-01-06 10:00:00,0.3,0.4798965,,
2022-01-06 11:00:00,0.3,0.5540615,,
2022-01-06 12:00:00,0.0,0.5928484,,
2022-01-06 13:00:00,0.0,0.4639431,,
2022-01-06 14:00:00,0.0,0.3345991,,
2022-01-06 15:00:00,0.0,0.28503513,,
2022-01-06 16:00:00,0.0,0.30472383,,
2022-01-06 17:00:00,0.0,0.26805967,,
2022-01-06 18:00:00,0.0,0.22566588,,
2022-01-06 19:00:00,0.0,0.24620631,,
2022-01-06 20:00:00,0.0,0.24947865,,
2022-01-06 21:00:00,0.0,0.24603674,,
2022-01-06 22:00:00,0.0,0.25682908,,
2022-01-06 23:00:00,0.0,0.2795678,,
2022-01-07 00:00:00,0.0,0.27843174,,
2022-01-07 01:00:00,0.0,0.28404713,,
2022-01-07 02:00:00,0.0,0.23996222,,
2022-01-07 03:00:00,0.0,0.24626854,,
2022-01-07 04:00:00,0.0,0.24971858,,
2022-01-07 05:00:00,0.0,0.30422378,,
2022-01-07 06:00:00,0.0,0.30808082,,
2022-01-07 07:00:00,0.0,0.29991442,,
2022-01-07 08:00:00,0.0,0.29241458,,
2022-01-07 09:00:00,0.0,0.21996644,,
2022-01-07 10:00:00,0.0,0.21937363,,
2022-01-07 11:00:00,0.0,0.22451925,,
2022-01-07 12:00:00,0.0,0.22832803,,
2022-01-07 13:00:00,0.0,0.2369376,,
2022-01-07 14:00:00,0.0,0.22408283,,
2022-01-07 15:00:00,0.0,0.22247684,,
2022-01-07 16:00:00,0.0,0.19681942,,
2022-01-07 17:00:00,0.0,0.20563868,,
2022-01-07 18:00:00,0.0,0.23685627,,
2022-01-07 19:00:00,0.0,0.20618573,,
2022-01-07 20:00:00,0.0,0.23412307,,
2022-01-07 21:00:00,1.0,0.32624006,,
2022-01-07 22:00:00,1.0,0.32732767,,
2022-01-07 23:00:00,1.0,0.46562028,,
2022-01-08 00:00:00,0.6,0.43287057,,
2022-01-08 01:00:00,0.6,0.85277194,,
2022-01-08 02:00:00,0.6,0.67104185,,
2022-01-08 03:00:00,1.0,0.5975606,,
2022-01-08 04:00:00,1.0,1.1862984,,
2022-01-08 05:00:00,1.0,1.352594,,
2022-01-08 06:00:00,1.3,1.1973397,,
2022-01-08 07:00:00,1.3,1.1526226,,
2022-01-08 08:00:00,1.3,1.172435,,
2022-01-08 09:00:00,5.0,1.4121202,,
2022-01-08 10:00:00,5.0,1.3316991,,
2022-01-08 11:00:00,5.0,2.3336968,,
2022-01-08 12:00:00,4.6,3.866983,,
2022-01-08 13:00:00,4.6,3.845309,,
2022-01-08 14:00:00,4.6,3.93222,,
2022-01-08 15:00:00,3.0,3.9813561,,
2022-01-08 16:00:00,3.0,2.9030395,,
2022-01-08 17:00:00,3.0,2.878568,,
2022-01-08 18:00:00,2.3,2.0554438,,
2022-01-08 19:00:00,2.3,2.7299657,,
2022-01-08 20:00:00,2.3,2.6139998,,
2022-01-08 21:00:00,2.0,2.3809323,,
2022-01-08 22:00:00,2.0,2.5343215,,
2022-01-08 23:00:00,2.0,2.7786326,,
2022-01-09 00:00:00,0.6,2.164044,,
2022-01-09 01:00:00,0.6,2.136111,,
2022-01-09 02:00:00,0.6,1.4663645,,
2022-01-09 03:00:00,2.0,1.3768132,,
2022-01-09 04:00:00,2.0,1.3787972,,
2022-01-09 05:00:00,2.0,1.3788598,,
2022-01-09 06:00:00,1.3,1.3239874,,
2022-01-09 07:00:00,1.3,1.2522786,,
2022-01-09 08:00:00,1.3,1.0343287,,
2022-01-09 09:00:00,2.0,0.77714765,,
2022-01-09 10:00:00,2.0,0.7512642,,
2022-01-09 11:00:00,2.0,1.0276384,,
2022-01-09 12:00:00,2.6,1.006045,,
2022-01-09 13:00:00,2.6,1.1528063,,
2022-01-09 14:00:00,2.6,1.2433065,,
2022-01-09 15:00:00,2.3,1.5056088,,
2022-01-09 16:00:00,2.3,1.8120123,,
2022-01-09 17:00:00,2.3,1.6673756,,
2022-01-09 18:00:00,2.0,1.5220085,,
2022-01-09 19:00:00,2.0,1.3611381,,
2022-01-09 20:00:00,2.0,0.9453251,,
2022-01-09 21:00:00,0.3,1.9780285,,
2022-01-09 22:00:00,0.3,1.2858016,,
2022-01-09 23:00:00,0.3,0.7970005,,
2022-01-10 00:00:00,0.3,0.6914007,,
2022-01-10 01:00:00,0.3,0.75859106,,
2022-01-10 02:00:00,0.3,0.9975959,,
2022-01-10 03:00:00,1.0,0.8165268,,
2022-01-10 04:00:00,1.0,0.7823765,,
2022-01-10 05:00:00,1.0,1.0128971,,
2022-01-10 06:00:00,2.0,0.8803568,,
2022-01-10 07:00:00,2.0,0.92455703,,
2022-01-10 08:00:00,2.0,0.9871157,,
2022-01-10 09:00:00,2.3,1.2131622,,
2022-01-10 10:00:00,2.3,1.339843,,
2022-01-10 11:00:00,2.3,1.3696483,,
2022-01-10 12:00:00,1.6,1.3037233,,
2022-01-10 13:00:00,1.6,1.2968419,,
2022-01-10 14:00:00,1.6,1.1661875,,
2022-01-10 15:00:00,0.6,1.1120304,,
2022-01-10 16:00:00,0.6,1.0185703,,
2022-01-10 17:00:00,0.6,0.9683359,,
2022-01-10 18:00:00,1.3,1.1125057,,
2022-01-10 19:00:00,1.3,1.3085712,,
2022-01-10 20:00:00,1.3,1.5047777,,
2022-01-10 21:00:00,0.6,1.1551348,,
2022-01-10 22:00:00,0.6,1.1545744,,
2022-01-10 23:00:00,0.6,1.0461395,,
2022-01-11 00:00:00,1.0,0.8478468,,
2022-01-11 01:00:00,1.0,1.089365,,
2022-01-11 02:00:00,1.0,0.7263342,,
2022-01-11 03:00:00,1.3,1.0479639,,
2022-01-11 04:00:00,1.3,0.8948873,,
2022-01-11 05:00:00,1.3,0.9634926,,
2022-01-11 06:00:00,2.0,1.4980065,,
2022-01-11 07:00:00,2.0,1.119581,,
2022-01-11 08:00:00,2.0,1.6634405,,
2022-01-11 09:00:00,0.6,1.1203333,,
2022-01-11 10:00:00,0.6,1.0381101,,
2022-01-11 11:00:00,0.6,0.5606228,,
2022-01-11 12:00:00,0.0,0.59561497,,
2022-01-11 13:00:00,0.0,0.48777652,,
2022-01-11 14:00:00,0.0,0.50026697,,
2022-01-11 15:00:00,0.3,0.5959713,,
2022-01-11 16:00:00,0.3,0.59587735,,
2022-01-11 17:00:00,0.3,0.6889669,,
2022-01-11 18:00:00,1.0,0.8290909,,
2022-01-11 19:00:00,1.0,1.1014035,,
2022-01-11 20:00:00,1.0,0.64360154,,
2022-01-11 21:00:00,0.0,0.65799487,,
2022-01-11 22:00:00,0.0,0.6397773,,
2022-01-11 23:00:00,0.0,0.73125446,,
2022-01-12 00:00:00,0.0,0.7323743,,
2022-01-12 01:00:00,0.0,0.8139647,,
2022-01-12 02:00:00,0.0,0.7906199,,
2022-01-12 03:00:00,0.6,0.78604954,,
2022-01-12 04:00:00,0.6,0.7477354,,
2022-01-12 05:00:00,0.6,0.7277318,,
2022-01-12 06:00:00,1.0,0.7757269,,
2022-01-12 07:00:00,1.0,0.91735494,,
2022-01-12 08:00:00,1.0,1.1593491,,
2022-01-12 09:00:00,1.3,0.936391,,
2022-01-12 10:00:00,1.3,1.4196489,,
2022-01-12 11:00:00,1.3,0.8067959,,
2022-01-12 12:00:00,1.0,1.0880663,,
2022-01-12 13:00:00,1.0,0.84825385,,
2022-01-12 14:00:00,1.0,0.95111495,,
2022-01-12 15:00:00,1.0,1.6061518,,
2022-01-12 16:00:00,1.0,1.0574048,,
2022-01-12 17:00:00,1.0,0.9950593,,
2022-01-12 18:00:00,0.0,0.76320755,,
2022-01-12 19:00:00,0.0,0.6859986,,
2022-01-12 20:00:00,0.0,0.46820194,,
2022-01-12 21:00:00,0.0,0.6194006,,
2022-01-12 22:00:00,0.0,0.5084674,,
2022-01-12 23:00:00,0.0,0.41138855,,
2022-01-13 00:00:00,0.3,0.5606105,,
2022-01-13 01:00:00,0.3,0.5303942,,
2022-01-13 02:00:00,0.3,0.31488246,,
2022-01-13 03:00:00,0.3,0.4263526,,
2022-01-13 04:00:00,0.3,0.5372713,,
2022-01-13 05:00:00,0.3,0.51267505,,
2022-01-13 06:00:00,0.3,0.55344915,,
2022-01-13 07:00:00,0.3,0.4511439,,
2022-01-13 08:00:00,0.3,0.466921,,
2022-01-13 09:00:00,1.0,0.66399956,,
2022-01-13 10:00:00,1.0,0.8475321,,
2022-01-13 11:00:00,1.0,0.89030915,,
2022-01-13 12:00:00,1.0,0.9495021,,
2022-01-13 13:00:00,1.0,0.6981023,,
2022-01-13 14:00:00,1.0,0.5215032,,
2022-01-13 15:00:00,0.0,0.7024368,,
2022-01-13 16:00:00,0.0,0.3381167,,
2022-01-13 17:00:00,0.0,0.32810703,,
2022-01-13 18:00:00,0.0,0.34609815,,
2022-01-13 19:00:00,0.0,0.38925582,,
2022-01-13 20:00:00,0.0,0.52281845,,
2022-01-13 21:00:00,0.3,0.6540822,,
2022-01-13 22:00:00,0.3,0.8245737,,
2022-01-13 23:00:00,0.3,1.170325,,
2022-01-14 00:00:00,1.0,0.79616445,,
2022-01-14 01:00:00,1.0,0.5113725,,
2022-01-14 02:00:00,1.0,0.47063294,,
2022-01-14 03:00:00,2.0,0.5212116,,
2022-01-14 04:00:00,2.0,0.6543967,,
2022-01-14 05:00:00,2.0,0.8984354,,
2022-01-14 06:00:00,2.6,1.8025672,,
2022-01-14 07:00:00,2.6,1.7050228,,
2022-01-14 08:00:00,2.6,2.1988978,,
2022-01-14 09:00:00,4.0,3.218467,,
2022-01-14 10:00:00,4.0,3.579803,,
2022-01-14 11:00:00,4.0,3.922996,,
2022-01-14 12:00:00,5.6,3.9691334,,
2022-01-14 13:00:00,5.6,3.9632325,,
2022-01-14 14:00:00,5.6,4.109658,,
2022-01-14 15:00:00,4.3,3.7266002,,
2022-01-14 16:00:00,4.3,2.2133148,,
2022-01-14 17:00:00,4.3,3.2174041,,
2022-01-14 18:00:00,3.6,3.0713346,,
2022-01-14 19:00:00,3.6,2.6136467,,
2022-01-14 20:00:00,3.6,3.0193248,,
2022-01-14 21:00:00,2.3,2.217402,,
2022-01-14 22:00:00,2.3,2.2136073,,
2022-01-14 23:00:00,2.3,1.9001474,,
2022-01-15 00:00:00,1.6,1.9379404,,
2022-01-15 01:00:00,1.6,1.6589006,,
2022-01-15 02:00:00,1.6,1.388636,,
2022-01-15 03:00:00,2.6,1.5483723,,
2022-01-15 04:00:00,2.6,1.8696982,,
2022-01-15 05:00:00,2.6,2.1289477,,
2022-01-15 06:00:00,3.0,3.116266,,
2022-01-15 07:00:00,3.0,2.923485,,
2022-01-15 08:00:00,3.0,2.4725013,,
2022-01-15 09:00:00,4.0,2.6715248,,
2022-01-15 10:00:00,4.0,2.7289836,,
2022-01-15 11:00:00,4.0,3.302077,,
2022-01-15 12:00:00,4.6,2.7911346,,
2022-01-15 13:00:00,4.6,2.9121346,,
2022-01-15 14:00:00,4.6,3.4105637,,
2022-01-15 15:00:00,3.6,2.8840885,,
2022-01-15 16:00:00,3.6,3.0596664,,
2022-01-15 17:00:00,3.6,2.8267035,,
2022-01-15 18:00:00,3.3,2.0697544,,
2022-01-15 19:00:00,3.3,2.0987382,,
2022-01-15 20:00:00,3.3,1.8562205,,
2022-01-15 21:00:00,2.3,1.6127297,,
2022-01-15 22:00:00,2.3,1.8487608,,
2022-01-15 23:00:00,2.3,1.5649831,,
2022-01-16 00:00:00,2.6,1.8230594,,
2022-01-16 01:00:00,2.6,1.7773545,,
2022-01-16 02:00:00,2.6,2.0810697,,
2022-01-16 03:00:00,2.3,1.9780926,,
2022-01-16 04:00:00,2.3,2.4252193,,
2022-01-16 05:00:00,2.3,2.2141185,,
2022-01-16 06:00:00,2.6,2.1255965,,
2022-01-16 07:00:00,2.6,1.7050654,,
2022-01-16 08:00:00,2.6,2.0431364,,
2022-01-16 09:00:00,4.3,2.2047985,,
2022-01-16 10:00:00,4.3,1.8198798,,
2022-01-16 11:00:00,4.3,1.6680696,,
2022-01-16 12:00:00,3.0,2.5099504,,
2022-01-16 13:00:00,3.0,2.3149683,,
2022-01-16 14:00:00,3.0,2.4841645,,
2022-01-16 15:00:00,3.0,2.445433,,
2022-01-16 16:00:00,3.0,2.7463455,,
2022-01-16 17:00:00,3.0,2.3662572,,
2022-01-16 18:00:00,0.6,2.0893342,,
2022-01-16 19:00:00,0.6,1.9111395,,
2022-01-16 20:00:00,0.6,1.7448645,,
2022-01-16 21:00:00,1.0,1.5847347,,
2022-01-16 22:00:00,1.0,1.5170008,,
2022-01-16 23:00:00,1.0,1.5405016,,
2022-01-17 00:00:00,2.0,1.3810675,,
2022-01-17 01:00:00,2.0,1.6496143,,
2022-01-17 02:00:00,2.0,1.7747147,,
2022-01-17 03:00:00,2.3,1.5610821,,
2022-01-17 04:00:00,2.3,1.6479572,,
2022-01-17 05:00:00,2.3,1.2849824,,
2022-01-17 06:00:00,2.6,1.340407,,
2022-01-17 07:00:00,2.6,1.9314349,,
2022-01-17 08:00:00,2.6,1.8915831,,
2022-01-17 09:00:00,2.6,1.8011545,,
2022-01-17 10:00:00,2.6,1.9846895,,
2022-01-17 11:00:00,2.6,2.105409,,
2022-01-17 12:00:00,2.3,1.9476411,,
2022-01-17 13:00:00,2.3,1.8024492,,
2022-01-17 14:00:00,2.3,1.2326801,,
2022-01-17 15:00:00,5.0,2.0285406,,
2022-01-17 16:00:00,5.0,2.8858047,,
2022-01-17 17:00:00,5.0,2.51715,,
2022-01-17 18:00:00,3.3,1.9191853,,
2022-01-17 19:00:00,3.3,2.2029614,,
2022-01-17 20:00:00,3.3,2.149036,,
2022-01-17 21:00:00,3.0,2.1431289,,
2022-01-17 22:00:00,3.0,2.2610443,,
2022-01-17 23:00:00,3.0,2.190926,,
2022-01-18 00:00:00,2.0,2.2054133,,
2022-01-18 01:00:00,2.0,2.2230325,,
2022-01-18 02:00:00,2.0,2.2605906,,
2022-01-18 03:00:00,2.3,2.1771178,,
2022-01-18 04:00:00,2.3,2.020409,,
2022-01-18 05:00:00,2.3,2.229694,,
2022-01-18 06:00:00,3.0,2.3544586,,
2022-01-18 07:00:00,3.0,2.2006078,,
2022-01-18 08:00:00,3.0,2.1636786,,
2022-01-18 09:00:00,2.6,2.0375786,,
2022-01-18 10:00:00,2.6,2.1077678,,
2022-01-18 11:00:00,2.6,2.157463,,
2022-01-18 12:00:00,3.0,2.187391,,
2022-01-18 13:00:00,3.0,2.3126447,,
2022-01-18 14:00:00,3.0,2.3681931,,
2022-01-18 15:00:00,5.3,2.4127488,,
2022-01-18 16:00:00,5.3,2.5662546,,
2022-01-18 17:00:00,5.3,3.4819229,,
2022-01-18 18:00:00,5.0,3.515077,,
2022-01-18 19:00:00,5.0,3.639885,,
2022-01-18 20:00:00,5.0,2.3178477,,
2022-01-18 21:00:00,3.3,2.5390775,,
2022-01-18 22:00:00,3.3,2.9653075,,
2022-01-18 23:00:00,3.3,2.2142186,,
2022-01-19 00:00:00,3.0,2.0283234,,
2022-01-19 01:00:00,3.0,2.0819182,,
2022-01-19 02:00:00,3.0,2.2949936,,
2022-01-19 03:00:00,3.0,1.6051422,,
2022-01-19 04:00:00,3.0,1.5400679,,
2022-01-19 05:00:00,3.0,1.6628081,,
2022-01-19 06:00:00,2.0,1.5637138,,
2022-01-19 07:00:00,2.0,1.6769031,,
2022-01-19 08:00:00,2.0,1.5700359,,
2022-01-19 09:00:00,2.0,1.6109098,,
2022-01-19 10:00:00,2.0,1.6778036,,
2022-01-19 11:00:00,2.0,1.7758344,,
2022-01-19 12:00:00,3.0,1.822005,,
2022-01-19 13:00:00,3.0,1.7278134,,
2022-01-19 14:00:00,3.0,1.7700163,,
2022-01-19 15:00:00,3.3,1.6557667,,
2022-01-19 16:00:00,3.3,2.1610792,,
2022-01-19 17:00:00,3.3,2.0993314,,
2022-01-19 18:00:00,0.3,0.9670246,,
2022-01-19 19:00:00,0.3,0.84233636,,
2022-01-19 20:00:00,0.3,0.96543026,,
2022-01-19 21:00:00,0.6,0.7742992,,
2022-01-19 22:00:00,0.6,0.79094136,,
2022-01-19 23:00:00,0.6,0.8620926,,
2022-01-20 00:00:00,0.3,0.81000537,,
2022-01-20 01:00:00,0.3,0.80285627,,
2022-01-20 02:00:00,0.3,1.0236986,,
2022-01-20 03:00:00,0.3,0.9320423,,
2022-01-20 04:00:00,0.3,0.8835715,,
2022-01-20 05:00:00,0.3,0.8600006,,
2022-01-20 06:00:00,0.6,0.8710329,,
2022-01-20 07:00:00,0.6,0.9303589,,
2022-01-20 08:00:00,0.6,0.7667555,,
2022-01-20 09:00:00,0.3,0.6930212,,
2022-01-20 10:00:00,0.3,0.6874328,,
2022-01-20 11:00:00,0.3,0.74626434,,
2022-01-20 12:00:00,0.3,0.77971065,,
2022-01-20 13:00:00,0.3,0.867654,,
2022-01-20 14:00:00,0.3,0.68243384,,
2022-01-20 15:00:00,0.3,0.7186357,,
2022-01-20 16:00:00,0.3,0.72059065,,
2022-01-20 17:00:00,0.3,0.97192574,,
2022-01-20 18:00:00,0.0,0.6496111,,
2022-01-20 19:00:00,0.0,0.62009794,,
2022-01-20 20:00:00,0.0,0.6455965,,
2022-01-20 21:00:00,0.6,0.64225507,,
2022-01-20 22:00:00,0.6,0.68682116,,
2022-01-20 23:00:00,0.6,0.7922958,,
2022-01-21 00:00:00,1.0,1.0232389,,
2022-01-21 01:00:00,1.0,0.7372862,,
2022-01-21 02:00:00,1.0,0.8846425,,
2022-01-21 03:00:00,2.6,0.83545417,,
2022-01-21 04:00:00,2.6,0.552946,,
2022-01-21 05:00:00,2.6,0.5939944,,
2022-01-21 06:00:00,2.6,0.7760987,,
2022-01-21 07:00:00,2.6,2.0070546,,
2022-01-21 08:00:00,2.6,1.9607401,,
2022-01-21 09:00:00,2.3,2.1606379,,
2022-01-21 10:00:00,2.3,1.9704689,,
2022-01-21 11:00:00,2.3,2.0661855,,
2022-01-21 12:00:00,3.3,2.054664,,
2022-01-21 13:00:00,3.3,1.6482699,,
2022-01-21 14:00:00,3.3,2.092654,,
2022-01-21 15:00:00,2.3,2.1312687,,
2022-01-21 16:00:00,2.3,1.8160658,,
2022-01-21 17:00:00,2.3,1.8112056,,
2022-01-21 18:00:00,3.0,1.7606876,,
2022-01-21 19:00:00,3.0,1.6087154,,
2022-01-21 20:00:00,3.0,1.1647747,,
2022-01-21 21:00:00,2.0,1.8564446,,
2022-01-21 22:00:00,2.0,1.3493828,,
2022-01-21 23:00:00,2.0,1.279496,,
2022-01-22 00:00:00,1.0,1.2883136,,
2022-01-22 01:00:00,1.0,1.3148273,,
2022-01-22 02:00:00,1.0,1.3522654,,
2022-01-22 03:00:00,2.3,1.2836254,,
2022-01-22 04:00:00,2.3,1.4106798,,
2022-01-22 05:00:00,2.3,1.3818913,,
2022-01-22 06:00:00,2.3,1.3319849,,
2022-01-22 07:00:00,2.3,1.682361,,
2022-01-22 08:00:00,2.3,1.5859162,,
2022-01-22 09:00:00,1.6,1.38508,,
2022-01-22 10:00:00,1.6,1.2927061,,
2022-01-22 11:00:00,1.6,1.1462599,,
2022-01-22 12:00:00,3.0,1.3758665,,
2022-01-22 13:00:00,3.0,1.3621123,,
2022-01-22 14:00:00,3.0,1.3026167,,
2022-01-22 15:00:00,2.6,0.9862784,,
2022-01-22 16:00:00,2.6,1.5238094,,
2022-01-22 17:00:00,2.6,1.5033638,,
2022-01-22 18:00:00,3.0,1.5207363,,
2022-01-22 19:00:00,3.0,1.2003946,,
2022-01-22 20:00:00,3.0,1.1583115,,
2022-01-22 21:00:00,2.0,1.496918,,
2022-01-22 22:00:00,2.0,1.326184,,
2022-01-22 23:00:00,2.0,1.1780207,,
2022-01-23 00:00:00,2.0,1.1413889,,
2022-01-23 01:00:00,2.0,1.2028685,,
2022-01-23 02:00:00,2.0,1.1278929,,
2022-01-23 03:00:00,1.3,1.6690067,,
2022-01-23 04:00:00,1.3,1.2585093,,
2022-01-23 05:00:00,1.3,1.4483309,,
2022-01-23 06:00:00,1.3,1.2616173,,
2022-01-23 07:00:00,1.3,1.1439598,,
2022-01-23 08:00:00,1.3,0.95643854,,
2022-01-23 09:00:00,0.0,1.0771062,,
2022-01-23 10:00:00,0.0,0.7460932,,
2022-01-23 11:00:00,0.0,0.56017417,,
2022-01-23 12:00:00,0.3,0.39141822,,
2022-01-23 13:00:00,0.3,0.38743883,,
2022-01-23 14:00:00,0.3,0.46300808,,
2022-01-23 15:00:00,0.3,0.49599904,,
2022-01-23 16:00:00,0.3,0.48145276,,
2022-01-23 17:00:00,0.3,0.4431261,,
2022-01-23 18:00:00,0.0,0.52054405,,
2022-01-23 19:00:00,0.0,0.39912337,,
2022-01-23 20:00:00,0.0,0.4475596,,
2022-01-23 21:00:00,0.6,0.46757323,,
2022-01-23 22:00:00,0.6,0.6475371,,
2022-01-23 23:00:00,0.6,0.67908823,,
2022-01-24 00:00:00,0.3,0.5110308,,
2022-01-24 01:00:00,0.3,0.6761859,,
2022-01-24 02:00:00,0.3,0.6047142,,
2022-01-24 03:00:00,1.3,0.7207411,,
2022-01-24 04:00:00,1.3,0.83305055,,
2022-01-24 05:00:00,1.3,1.0055945,,
2022-01-24 06:00:00,0.6,0.7526429,,
2022-01-24 07:00:00,0.6,0.89583147,,
2022-01-24 08:00:00,0.6,1.1625185,,
2022-01-24 09:00:00,1.0,1.0969054,,
2022-01-24 10:00:00,1.0,0.99552965,,
2022-01-24 11:00:00,1.0,1.2065626,,
2022-01-24 12:00:00,2.0,1.2374111,,
2022-01-24 13:00:00,2.0,1.0153141,,
2022-01-24 14:00:00,2.0,1.4688812,,
2022-01-24 15:00:00,2.3,1.6380866,,
2022-01-24 16:00:00,2.3,1.615308,,
2022-01-24 17:00:00,2.3,1.6359425,,
2022-01-24 18:00:00,2.6,1.8226448,,
2022-01-24 19:00:00,2.6,1.6693118,,
2022-01-24 20:00:00,2.6,1.6172135,,
2022-01-24 21:00:00,3.0,2.1820953,,
2022-01-24 22:00:00,3.0,2.4996228,,
2022-01-24 23:00:00,3.0,2.0477862,,
2022-01-25 00:00:00,2.6,2.3062072,,
2022-01-25 01:00:00,2.6,2.9473243,,
2022-01-25 02:00:00,2.6,2.611411,,
2022-01-25 03:00:00,2.6,3.225062,,
2022-01-25 04:00:00,2.6,2.1477454,,
2022-01-25 05:00:00,2.6,1.7921776,,
2022-01-25 06:00:00,3.3,1.2426866,,
2022-01-25 07:00:00,3.3,2.1445506,,
2022-01-25 08:00:00,3.3,3.0852382,,
2022-01-25 09:00:00,2.6,3.1660895,,
2022-01-25 10:00:00,2.6,2.566226,,
2022-01-25 11:00:00,2.6,2.7158937,,
2022-01-25 12:00:00,3.3,2.2786095,,
2022-01-25 13:00:00,3.3,2.8049216,,
2022-01-25 14:00:00,3.3,1.6092517,,
2022-01-25 15:00:00,1.6,1.3587587,,
2022-01-25 16:00:00,1.6,1.305995,,
2022-01-25 17:00:00,1.6,1.1868131,,
2022-01-25 18:00:00,2.3,1.9228172,,
2022-01-25 19:00:00,2.3,1.6245724,,
2022-01-25 20:00:00,2.3,1.367634,,
2022-01-25 21:00:00,2.3,1.1349932,,
2022-01-25 22:00:00,2.3,1.6416235,,
2022-01-25 23:00:00,2.3,1.544934,,
2022-01-26 00:00:00,2.6,1.8320735,,
2022-01-26 01:00:00,2.6,1.7482615,,
2022-01-26 02:00:00,2.6,1.2735952,,
2022-01-26 03:00:00,1.6,2.3237026,,
2022-01-26 04:00:00,1.6,1.2541349,,
2022-01-26 05:00:00,1.6,1.249609,,
2022-01-26 06:00:00,2.6,1.5409797,,
2022-01-26 07:00:00,2.6,1.2129987,,
2022-01-26 08:00:00,2.6,1.7892271,,
2022-01-26 09:00:00,2.3,1.5312507,,
2022-01-26 10:00:00,2.3,1.9296364,,
2022-01-26 11:00:00,2.3,1.0071084,,
2022-01-26 12:00:00,3.0,1.9681021,,
2022-01-26 13:00:00,3.0,1.596063,,
2022-01-26 14:00:00,3.0,1.5835497,,
2022-01-26 15:00:00,0.6,2.2532773,,
2022-01-26 16:00:00,0.6,1.394179,,
2022-01-26 17:00:00,0.6,1.2968334,,
2022-01-26 18:00:00,0.6,1.5406071,,
2022-01-26 19:00:00,0.6,1.6714115,,
2022-01-26 20:00:00,0.6,1.0821753,,
2022-01-26 21:00:00,0.6,1.0049961,,
2022-01-26 22:00:00,0.6,1.061786,,
2022-01-26 23:00:00,0.6,1.4658604,,
2022-01-27 00:00:00,1.0,1.5935892,,
2022-01-27 01:00:00,1.0,1.5341704,,
2022-01-27 02:00:00,1.0,1.43918,,
2022-01-27 03:00:00,2.0,1.6370901,,
2022-01-27 04:00:00,2.0,1.6309614,,
2022-01-27 05:00:00,2.0,1.4110384,,
2022-01-27 06:00:00,1.3,1.489867,,
2022-01-27 07:00:00,1.3,1.2815291,,
2022-01-27 08:00:00,1.3,1.6471685,,
2022-01-27 09:00:00,3.0,1.7049167,,
2022-01-27 10:00:00,3.0,1.6289108,,
2022-01-27 11:00:00,3.0,2.0910034,,
2022-01-27 12:00:00,2.6,2.433652,,
2022-01-27 13:00:00,2.6,1.8748143,,
2022-01-27 14:00:00,2.6,1.5583723,,
2022-01-27 15:00:00,1.3,1.5216894,,
2022-01-27 16:00:00,1.3,1.5501232,,
2022-01-27 17:00:00,1.3,1.6200386,,
2022-01-27 18:00:00,1.6,1.4283832,,
2022-01-27 19:00:00,1.6,1.368778,,
2022-01-27 20:00:00,1.6,1.0915861,,
2022-01-27 21:00:00,1.6,1.2662048,,
2022-01-27 22:00:00,1.6,1.6226113,,
2022-01-27 23:00:00,1.6,1.88042,,
2022-01-28 00:00:00,1.3,1.458314,,
2022-01-28 01:00:00,1.3,1.368441,,
2022-01-28 02:00:00,1.3,0.95246583,,
2022-01-28 03:00:00,1.0,1.0920063,,
2022-01-28 04:00:00,1.0,0.9958456,,
2022-01-28 05:00:00,1.0,1.1779912,,
2022-01-28 06:00:00,0.6,1.1215694,,
2022-01-28 07:00:00,0.6,1.1541424,,
2022-01-28 08:00:00,0.6,0.57930326,,
2022-01-28 09:00:00,1.6,0.7652646,,
2022-01-28 10:00:00,1.6,1.4572674,,
2022-01-28 11:00:00,1.6,1.3125162,,
2022-01-28 12:00:00,3.6,1.330588,,
2022-01-28 13:00:00,3.6,1.6913478,,
2022-01-28 14:00:00,3.6,2.736572,,
2022-01-28 15:00:00,4.0,2.5904555,,
2022-01-28 16:00:00,4.0,2.1403646,,
2022-01-28 17:00:00,4.0,1.2315538,,
2022-01-28 18:00:00,4.0,1.9667513,,
2022-01-28 19:00:00,4.0,2.810907,,
2022-01-28 20:00:00,4.0,2.368299,,
2022-01-28 21:00:00,3.0,2.696612,,
2022-01-28 22:00:00,3.0,1.8784847,,
2022-01-28 23:00:00,3.0,1.7541994,,
2022-01-29 00:00:00,3.0,2.4381506,,
2022-01-29 01:00:00,3.0,2.4542487,,
2022-01-29 02:00:00,3.0,2.7205946,,
2022-01-29 03:00:00,3.6,2.15315,,
2022-01-29 04:00:00,3.6,2.4645095,,
2022-01-29 05:00:00,3.6,2.7780814,,
2022-01-29 06:00:00,0.6,2.3846202,,
2022-01-29 07:00:00,0.6,1.7608988,,
2022-01-29 08:00:00,0.6,1.5318353,,
2022-01-29 09:00:00,0.6,1.232534,,
2022-01-29 10:00:00,0.6,1.1423368,,
2022-01-29 11:00:00,0.6,1.2181637,,
2022-01-29 12:00:00,1.0,1.313626,,
2022-01-29 13:00:00,1.0,1.3006979,,
2022-01-29 14:00:00,1.0,1.1695306,,
2022-01-29 15:00:00,2.3,1.4851654,,
2022-01-29 16:00:00,2.3,1.6207727,,
2022-01-29 17:00:00,2.3,1.3015156,,
2022-01-29 18:00:00,2.6,1.5007923,,
2022-01-29 19:00:00,2.6,1.4204409,,
2022-01-29 20:00:00,2.6,1.491641,,
2022-01-29 21:00:00,3.0,2.1035194,,
2022-01-29 22:00:00,3.0,2.1543627,,
2022-01-29 23:00:00,3.0,2.0104153,,
2022-01-30 00:00:00,2.0,1.8155762,,
2022-01-30 01:00:00,2.0,1.8964729,,
2022-01-30 02:00:00,2.0,1.5049604,,
2022-01-30 03:00:00,2.6,1.4615529,,
2022-01-30 04:00:00,2.6,1.4941556,,
2022-01-30 05:00:00,2.6,1.4455843,,
2022-01-30 06:00:00,1.6,1.829732,,
2022-01-30 07:00:00,1.6,1.3934033,,
2022-01-30 08:00:00,1.6,1.4428049,,
2022-01-30 09:00:00,1.6,1.4416081,,
2022-01-30 10:00:00,1.6,1.2730525,,
2022-01-30 11:00:00,1.6,1.1766176,,
2022-01-30 12:00:00,3.0,0.95369035,,
2022-01-30 13:00:00,3.0,1.4217432,,
2022-01-30 14:00:00,3.0,1.8732922,,
2022-01-30 15:00:00,2.6,1.8543928,,
2022-01-30 16:00:00,2.6,1.8957736,,
2022-01-30 17:00:00,2.6,1.8443203,,
2022-01-30 18:00:00,2.6,1.9721626,,
2022-01-30 19:00:00,2.6,2.0591154,,
2022-01-30 20:00:00,2.6,1.7593546,,
2022-01-30 21:00:00,1.6,1.8743732,,
2022-01-30 22:00:00,1.6,1.871097,,
2022-01-30 23:00:00,1.6,1.7381853,,
2022-01-31 00:00:00,3.0,1.7915823,,
2022-01-31 01:00:00,3.0,1.6976589,,
2022-01-31 02:00:00,3.0,2.123118,,
2022-01-31 03:00:00,1.6,2.0432937,,
2022-01-31 04:00:00,1.6,1.997817,,
2022-01-31 05:00:00,1.6,1.6944345,,
2022-01-31 06:00:00,2.3,1.7743394,,
2022-01-31 07:00:00,2.3,2.0783322,,
2022-01-31 08:00:00,2.3,2.0605595,,
2022-01-31 09:00:00,1.3,1.8704827,,
2022-01-31 10:00:00,1.3,1.4986401,,
2022-01-31 11:00:00,1.3,1.1996092,,
2022-01-31 12:00:00,2.0,1.0143265,,
2022-01-31 13:00:00,2.0,1.3302753,,
2022-01-31 14:00:00,2.0,1.0282629,,
2022-01-31 15:00:00,1.6,1.0310777,,
2022-01-31 16:00:00,1.6,0.95897883,,
2022-01-31 17:00:00,1.6,1.1475165,,
2022-01-31 18:00:00,1.6,1.6110132,,
2022-01-31 19:00:00,1.6,1.2158327,,
2022-01-31 20:00:00,1.6,1.2816727,,
2022-01-31 21:00:00,0.6,0.95470774,,
2022-01-31 22:00:00,0.6,1.1533372,,
2022-01-31 23:00:00,0.6,1.3496469,,
2022-02-01 00:00:00,0.6,1.161602,,
2022-02-01 01:00:00,0.6,1.0413167,,
2022-02-01 02:00:00,0.6,1.2065128,,
2022-02-01 03:00:00,1.3,0.79510015,,
2022-02-01 04:00:00,1.3,1.0512921,,
2022-02-01 05:00:00,1.3,1.294371,,
2022-02-01 06:00:00,0.6,0.8357233,,
2022-02-01 07:00:00,0.6,0.59241074,,
2022-02-01 08:00:00,0.6,0.6147475,,
2022-02-01 09:00:00,0.3,0.932347,,
2022-02-01 10:00:00,0.3,0.6774461,,
2022-02-01 11:00:00,3.3,0.68632853,,
2022-02-01 12:00:00,3.3,0.44948983,,
2022-02-01 13:00:00,3.3,0.49383885,,
2022-02-01 14:00:00,4.0,1.5955293,,
2022-02-01 15:00:00,4.0,3.7210228,,
2022-02-01 16:00:00,4.0,2.6411157,,
2022-02-01 17:00:00,2.6,2.5706294,,
2022-02-01 18:00:00,2.6,2.7906299,,
2022-02-01 19:00:00,2.6,1.5828493,,
2022-02-01 20:00:00,0.6,1.7978709,,
2022-02-01 21:00:00,0.6,1.6059958,,
2022-02-01 22:00:00,0.6,1.2403395,,
2022-02-01 23:00:00,0.3,1.3441887,,
2022-02-02 00:00:00,0.3,1.2064625,,
2022-02-02 01:00:00,0.3,1.395726,,
2022-02-02 02:00:00,1.6,1.9096667,,
2022-02-02 03:00:00,1.6,1.620821,,
2022-02-02 04:00:00,1.6,1.5354227,,
2022-02-02 05:00:00,3.6,1.3668915,,
2022-02-02 06:00:00,3.6,2.095856,,
2022-02-02 07:00:00,3.6,2.9239926,,
2022-02-02 08:00:00,1.6,2.3613527,,
2022-02-02 09:00:00,1.6,0.7242987,,
2022-02-02 10:00:00,1.6,1.0011547,,
2022-02-02 11:00:00,1.3,0.95344275,,
2022-02-02 12:00:00,1.3,1.1321714,,
2022-02-02 13:00:00,1.3,1.4609501,,
2022-02-02 14:00:00,2.0,1.1755339,,
2022-02-02 15:00:00,2.0,1.3767188,,
2022-02-02 16:00:00,2.0,1.820195,,
2022-02-02 17:00:00,4.3,1.8680633,,
2022-02-02 18:00:00,4.3,2.971026,,
2022-02-02 19:00:00,4.3,2.9927468,,
2022-02-02 20:00:00,5.0,3.5047405,,
2022-02-02 21:00:00,5.0,3.8580399,,
2022-02-02 22:00:00,5.0,4.045704,,
2022-02-02 23:00:00,5.3,4.266227,,
2022-02-03 00:00:00,5.3,4.450124,,
2022-02-03 01:00:00,5.3,4.563093,,
2022-02-03 02:00:00,4.0,4.3284593,,
2022-02-03 03:00:00,4.0,3.9304764,,
2022-02-03 04:00:00,4.0,2.6081817,,
2022-02-03 05:00:00,3.0,3.1959722,,
2022-02-03 06:00:00,3.0,2.4498048,,
2022-02-03 07:00:00,3.0,2.0950255,,
2022-02-03 08:00:00,3.0,1.740653,,
2022-02-03 09:00:00,3.0,1.9119343,,
2022-02-03 10:00:00,3.0,1.9039406,,
2022-02-03 11:00:00,2.6,1.7863877,,
2022-02-03 12:00:00,2.6,1.6848423,,
2022-02-03 13:00:00,2.6,1.8504944,,
2022-02-03 14:00:00,4.0,1.7072004,,
2022-02-03 15:00:00,4.0,1.9741064,,
2022-02-03 16:00:00,4.0,3.8093038,,
2022-02-03 17:00:00,4.0,3.6869602,,
2022-02-03 18:00:00,4.0,3.3555894,,
2022-02-03 19:00:00,4.0,3.14603,,
2022-02-03 20:00:00,3.6,2.849599,,
2022-02-03 21:00:00,3.6,3.1430185,,
2022-02-03 22:00:00,3.6,3.4442143,,
2022-02-03 23:00:00,3.6,3.624421,,
2022-02-04 00:00:00,3.6,3.8137126,,
2022-02-04 01:00:00,3.6,4.069813,,
2022-02-04 02:00:00,4.0,3.8385768,,
2022-02-04 03:00:00,4.0,4.0113635,,
2022-02-04 04:00:00,4.0,3.5161266,,
2022-02-04 05:00:00,5.3,3.8708014,,
2022-02-04 06:00:00,5.3,3.3868737,,
2022-02-04 07:00:00,5.3,2.825789,,
2022-02-04 08:00:00,5.0,2.976206,,
2022-02-04 09:00:00,5.0,3.6370964,,
2022-02-04 10:00:00,5.0,3.6166923,,
2022-02-04 11:00:00,4.0,3.4754815,,
2022-02-04 12:00:00,4.0,3.3984172,,
2022-02-04 13:00:00,4.0,1.8724467,,
2022-02-04 14:00:00,2.6,1.9428151,,
2022-02-04 15:00:00,2.6,1.9320711,,
2022-02-04 16:00:00,2.6,1.6685148,,
2022-02-04 17:00:00,3.0,1.823653,,
2022-02-04 18:00:00,3.0,1.7967609,,
2022-02-04 19:00:00,3.0,1.5305948,,
2022-02-04 20:00:00,2.0,2.130404,,
2022-02-04 21:00:00,2.0,2.1387222,,
2022-02-04 22:00:00,2.0,1.5000302,,
2022-02-04 23:00:00,2.3,1.7745578,,
2022-02-05 00:00:00,2.3,2.6338792,,
2022-02-05 01:00:00,2.3,2.4363103,,
2022-02-05 02:00:00,3.0,2.0327582,,
2022-02-05 03:00:00,3.0,1.6405958,,
2022-02-05 04:00:00,3.0,1.5449116,,
2022-02-05 05:00:00,2.6,2.1191792,,
2022-02-05 06:00:00,2.6,1.961942,,
2022-02-05 07:00:00,2.6,1.8443499,,
2022-02-05 08:00:00,2.6,1.8154285,,
2022-02-05 09:00:00,2.6,2.6477199,,
2022-02-05 10:00:00,2.6,2.1465108,,
2022-02-05 11:00:00,1.6,1.6930826,,
2022-02-05 12:00:00,1.6,1.7985799,,
2022-02-05 13:00:00,1.6,1.5929077,,
2022-02-05 14:00:00,3.6,1.769952,,
2022-02-05 15:00:00,3.6,2.4485254,,
2022-02-05 16:00:00,3.6,2.4151332,,
2022-02-05 17:00:00,3.0,2.1206567,,
2022-02-05 18:00:00,3.0,2.0330997,,
2022-02-05 19:00:00,3.0,2.3204217,,
2022-02-05 20:00:00,2.6,2.2647986,,
2022-02-05 21:00:00,2.6,1.9320452,,
2022-02-05 22:00:00,2.6,2.254629,,
2022-02-05 23:00:00,3.0,1.9079456,,
2022-02-06 00:00:00,3.0,1.8615322,,
2022-02-06 01:00:00,3.0,2.173793,,
2022-02-06 02:00:00,3.0,1.6238031,,
2022-02-06 03:00:00,3.0,1.3971084,,
2022-02-06 04:00:00,3.0,2.171374,,
2022-02-06 05:00:00,1.6,1.7510151,,
2022-02-06 06:00:00,1.6,1.4537013,,
2022-02-06 07:00:00,1.6,1.4335327,,
2022-02-06 08:00:00,2.6,1.5195982,,
2022-02-06 09:00:00,2.6,1.6374937,,
2022-02-06 10:00:00,2.6,2.0947099,,
2022-02-06 11:00:00,2.6,1.5546491,,
2022-02-06 12:00:00,2.6,1.9014374,,
2022-02-06 13:00:00,2.6,1.6333234,,
2022-02-06 14:00:00,2.3,1.3400606,,
2022-02-06 15:00:00,2.3,1.5034771,,
2022-02-06 16:00:00,2.3,1.220734,,
2022-02-06 17:00:00,1.3,1.3931549,,
2022-02-06 18:00:00,1.3,1.335159,,
2022-02-06 19:00:00,1.3,1.2434566,,
2022-02-06 20:00:00,1.0,0.95661545,,
2022-02-06 21:00:00,1.0,1.0657179,,
2022-02-06 22:00:00,1.0,0.9755041,,
2022-02-06 23:00:00,1.6,0.9984644,,
2022-02-07 00:00:00,1.6,0.82389486,,
2022-02-07 01:00:00,1.6,1.066473,,
2022-02-07 02:00:00,1.0,1.4068142,,
2022-02-07 03:00:00,1.0,1.1439412,,
2022-02-07 04:00:00,1.0,1.0122849,,
2022-02-07 05:00:00,2.3,1.1490732,,
2022-02-07 06:00:00,2.3,1.0746472,,
2022-02-07 07:00:00,2.3,1.4448783,,
2022-02-07 08:00:00,1.3,1.0459602,,
2022-02-07 09:00:00,1.3,0.86239874,,
2022-02-07 10:00:00,1.3,1.0755167,,
2022-02-07 11:00:00,2.0,0.9485563,,
2022-02-07 12:00:00,2.0,0.9027454,,
2022-02-07 13:00:00,2.0,0.9586445,,
2022-02-07 14:00:00,1.3,1.0303009,,
2022-02-07 15:00:00,1.3,0.9353153,,
2022-02-07 16:00:00,1.3,0.9031402,,
2022-02-07 17:00:00,0.3,0.81740797,,
2022-02-07 18:00:00,0.3,0.7278938,,
2022-02-07 19:00:00,0.3,0.8920547,,
2022-02-07 20:00:00,0.6,0.7108822,,
2022-02-07 21:00:00,0.6,0.6719849,,
2022-02-07 22:00:00,0.6,0.79259443,,
2022-02-07 23:00:00,0.6,0.8530235,,
2022-02-08 00:00:00,0.6,1.1305711,,
2022-02-08 01:00:00,0.6,1.313777,,
2022-02-08 02:00:00,1.0,1.2179167,,
2022-02-08 03:00:00,1.0,1.1554388,,
2022-02-08 04:00:00,1.0,1.0003918,,
2022-02-08 05:00:00,1.3,0.92135924,,
2022-02-08 06:00:00,1.3,0.9187133,,
2022-02-08 07:00:00,1.3,1.2413594,,
2022-02-08 08:00:00,2.0,1.2899433,,
2022-02-08 09:00:00,2.0,1.265667,,
2022-02-08 10:00:00,2.0,1.0291643,,
2022-02-08 11:00:00,1.0,1.1108639,,
2022-02-08 12:00:00,1.0,1.0698538,,
2022-02-08 13:00:00,1.0,0.9612338,,
2022-02-08 14:00:00,0.3,0.94248706,,
2022-02-08 15:00:00,0.3,0.6756629,,
2022-02-08 16:00:00,0.3,0.69264597,,
2022-02-08 17:00:00,0.0,0.50144154,,
2022-02-08 18:00:00,0.0,0.42731676,,
2022-02-08 19:00:00,0.0,0.54851645,,
2022-02-08 20:00:00,0.0,0.4516986,,
2022-02-08 21:00:00,0.0,0.47174335,,
2022-02-08 22:00:00,0.0,0.5555054,,
2022-02-08 23:00:00,0.3,0.6523028,,
2022-02-09 00:00:00,0.3,0.6521935,,
2022-02-09 01:00:00,0.3,0.46722278,,
2022-02-09 02:00:00,0.3,0.5647596,,
2022-02-09 03:00:00,0.3,0.43635386,,
2022-02-09 04:00:00,0.3,0.39226755,,
2022-02-09 05:00:00,0.0,0.4738122,,
2022-02-09 06:00:00,0.0,0.4644639,,
2022-02-09 07:00:00,0.0,0.41462308,,
2022-02-09 08:00:00,0.0,0.529175,,
2022-02-09 09:00:00,0.0,0.55300826,,
2022-02-09 10:00:00,0.0,0.6223235,,
2022-02-09 11:00:00,2.0,0.59679794,,
2022-02-09 12:00:00,2.0,0.53428423,,
2022-02-09 13:00:00,2.0,1.4201024,,
2022-02-09 14:00:00,2.6,1.5356092,,
2022-02-09 15:00:00,2.6,1.774051,,
2022-02-09 16:00:00,2.6,2.0285726,,
2022-02-09 17:00:00,2.6,2.2148623,,
2022-02-09 18:00:00,2.6,2.0636826,,
2022-02-09 19:00:00,2.6,2.176991,,
2022-02-09 20:00:00,2.0,1.65861,,
2022-02-09 21:00:00,2.0,1.3862867,,
2022-02-09 22:00:00,2.0,1.736379,,
2022-02-09 23:00:00,2.0,2.340012,,
2022-02-10 00:00:00,2.0,2.5232644,,
2022-02-10 01:00:00,2.0,1.3641965,,
2022-02-10 02:00:00,2.6,1.5079002,,
2022-02-10 03:00:00,2.6,2.019195,,
2022-02-10 04:00:00,2.6,1.5147121,,
2022-02-10 05:00:00,4.6,1.9134929,,
2022-02-10 06:00:00,4.6,3.2785716,,
2022-02-10 07:00:00,4.6,4.1078353,,
2022-02-10 08:00:00,5.0,4.1530905,,
2022-02-10 09:00:00,5.0,3.9807422,,
2022-02-10 10:00:00,5.0,3.8734481,,
2022-02-10 11:00:00,4.3,3.4361851,,
2022-02-10 12:00:00,4.3,3.2342083,,
2022-02-10 13:00:00,4.3,2.651954,,
2022-02-10 14:00:00,4.0,3.0873883,,
2022-02-10 15:00:00,4.0,2.8511753,,
2022-02-10 16:00:00,4.0,2.3850553,,
2022-02-10 17:00:00,3.0,1.9261624,,
2022-02-10 18:00:00,3.0,2.1240788,,
2022-02-10 19:00:00,3.0,2.417789,,
2022-02-10 20:00:00,2.0,1.2654139,,
2022-02-10 21:00:00,2.0,0.9768818,,
2022-02-10 22:00:00,2.0,0.89590085,,
2022-02-10 23:00:00,4.0,1.3146394,,
2022-02-11 00:00:00,4.0,0.90900743,,
2022-02-11 01:00:00,4.0,0.8170517,,
2022-02-11 02:00:00,1.3,1.3695425,,
2022-02-11 03:00:00,1.3,1.547962,,
2022-02-11 04:00:00,1.3,1.1886333,,
2022-02-11 05:00:00,2.6,1.151849,,
2022-02-11 06:00:00,2.6,1.335811,,
2022-02-11 07:00:00,2.6,1.5678749,,
2022-02-11 08:00:00,4.3,1.6427705,,
2022-02-11 09:00:00,4.3,1.8075132,,
2022-02-11 10:00:00,4.3,2.997898,,
2022-02-11 11:00:00,4.0,3.6455853,,
2022-02-11 12:00:00,4.0,4.237847,,
2022-02-11 13:00:00,4.0,3.0568357,,
2022-02-11 14:00:00,3.3,3.0298982,,
2022-02-11 15:00:00,3.3,2.2729611,,
2022-02-11 16:00:00,3.3,2.2616203,,
2022-02-11 17:00:00,3.0,2.121163,,
2022-02-11 18:00:00,3.0,2.0131378,,
2022-02-11 19:00:00,3.0,1.9267845,,
2022-02-11 20:00:00,2.3,1.8427951,,
2022-02-11 21:00:00,2.3,1.9552683,,
2022-02-11 22:00:00,2.3,1.9385933,,
2022-02-11 23:00:00,1.6,2.6021438,,
2022-02-12 00:00:00,1.6,1.9504341,,
2022-02-12 01:00:00,1.6,2.049447,,
2022-02-12 02:00:00,2.6,1.7104334,,
2022-02-12 03:00:00,2.6,2.1908653,,
2022-02-12 04:00:00,2.6,2.3383622,,
2022-02-12 05:00:00,2.6,2.0807595,,
2022-02-12 06:00:00,2.6,2.339709,,
2022-02-12 07:00:00,2.6,2.1946683,,
2022-02-12 08:00:00,3.3,2.3968441,,
2022-02-12 09:00:00,3.3,2.4577498,,
2022-02-12 10:00:00,3.3,2.4173696,,
2022-02-12 11:00:00,3.0,2.268477,,
2022-02-12 12:00:00,3.0,2.5115376,,
2022-02-12 13:00:00,3.0,2.1308846,,
2022-02-12 14:00:00,3.6,2.3010764,,
2022-02-12 15:00:00,3.6,2.3429258,,
2022-02-12 16:00:00,3.6,2.440749,,
2022-02-12 17:00:00,3.0,2.309217,,
2022-02-12 18:00:00,3.0,2.3196597,,
2022-02-12 19:00:00,3.0,2.1980605,,
2022-02-12 20:00:00,2.3,2.21204,,
2022-02-12 21:00:00,2.3,2.0488393,,
2022-02-12 22:00:00,2.3,2.343941,,
2022-02-12 23:00:00,2.6,1.9439685,,
2022-02-13 00:00:00,2.6,1.4542799,,
2022-02-13 01:00:00,2.6,1.4483007,,
2022-02-13 02:00:00,3.0,1.9126993,,
2022-02-13 03:00:00,3.0,1.9024932,,
2022-02-13 04:00:00,3.0,1.910004,,
2022-02-13 05:00:00,3.3,1.9746393,,
2022-02-13 06:00:00,3.3,1.7323879,,
2022-02-13 07:00:00,3.3,1.393748,,
2022-02-13 08:00:00,2.3,1.6883805,,
2022-02-13 09:00:00,2.3,1.7482231,,
2022-02-13 10:00:00,2.3,1.5145795,,
2022-02-13 11:00:00,3.0,1.9195654,,
2022-02-13 12:00:00,3.0,2.0635593,,
2022-02-13 13:00:00,3.0,1.8501742,,
2022-02-13 14:00:00,2.6,1.7166284,,
2022-02-13 15:00:00,2.6,1.3660576,,
2022-02-13 16:00:00,2.6,1.7828541,,
2022-02-13 17:00:00,1.6,1.7744658,,
2022-02-13 18:00:00,1.6,1.6038945,,
2022-02-13 19:00:00,1.6,1.5193666,,
2022-02-13 20:00:00,2.3,1.1876358,,
2022-02-13 21:00:00,2.3,1.1797559,,
2022-02-13 22:00:00,2.3,1.6535089,,
2022-02-13 23:00:00,1.6,1.6016424,,
2022-02-14 00:00:00,1.6,1.2659168,,
2022-02-14 01:00:00,1.6,1.6267204,,
2022-02-14 02:00:00,1.3,1.5310783,,
2022-02-14 03:00:00,1.3,1.3333803,,
2022-02-14 04:00:00,1.3,1.639672,,
2022-02-14 05:00:00,2.0,1.153854,,
2022-02-14 06:00:00,2.0,1.2182014,,
2022-02-14 07:00:00,2.0,1.1166127,,
2022-02-14 08:00:00,1.3,0.9442275,,
2022-02-14 09:00:00,1.3,1.1435314,,
2022-02-14 10:00:00,1.3,0.77464217,,
2022-02-14 11:00:00,0.6,0.7342667,,
2022-02-14 12:00:00,0.6,1.0856845,,
2022-02-14 13:00:00,0.6,0.886652,,
2022-02-14 14:00:00,2.0,0.7698962,,
2022-02-14 15:00:00,2.0,0.83997804,,
2022-02-14 16:00:00,2.0,0.9230312,,
2022-02-14 17:00:00,2.0,1.247172,,
2022-02-14 18:00:00,2.0,1.2177263,,
2022-02-14 19:00:00,2.0,1.057408,,
2022-02-14 20:00:00,0.6,0.8124512,,
2022-02-14 21:00:00,0.6,0.6797597,,
2022-02-14 22:00:00,0.6,0.5581342,,
2022-02-14 23:00:00,0.6,0.7236625,,
2022-02-15 00:00:00,0.6,0.6348251,,
2022-02-15 01:00:00,0.6,0.5937309,,
2022-02-15 02:00:00,0.6,0.6033572,,
2022-02-15 03:00:00,0.6,0.6434002,,
2022-02-15 04:00:00,0.6,0.62415123,,
2022-02-15 05:00:00,0.6,0.8541285,,
2022-02-15 06:00:00,0.6,1.0436989,,
2022-02-15 07:00:00,0.6,1.121403,,
2022-02-15 08:00:00,0.3,1.1034067,,
2022-02-15 09:00:00,0.3,0.92644215,,
2022-02-15 10:00:00,0.3,0.6972131,,
2022-02-15 11:00:00,0.3,0.4890166,,
2022-02-15 12:00:00,0.3,0.6469142,,
2022-02-15 13:00:00,0.3,0.73148966,,
2022-02-15 14:00:00,1.0,0.5955977,,
2022-02-15 15:00:00,1.0,0.74712396,,
2022-02-15 16:00:00,1.0,0.8357984,,
2022-02-15 17:00:00,2.0,0.9167241,,
2022-02-15 18:00:00,2.0,1.0926702,,
2022-02-15 19:00:00,2.0,1.2228458,,
2022-02-15 20:00:00,1.6,1.2433373,,
2022-02-15 21:00:00,1.6,1.0278097,,
2022-02-15 22:00:00,1.6,1.2778797,,
2022-02-15 23:00:00,1.3,0.92935437,,
2022-02-16 00:00:00,1.3,0.9001005,,
2022-02-16 01:00:00,1.3,1.5964243,,
2022-02-16 02:00:00,2.3,0.9615599,,
2022-02-16 03:00:00,2.3,1.3066648,,
2022-02-16 04:00:00,2.3,0.80763453,,
2022-02-16 05:00:00,2.6,1.319607,,
2022-02-16 06:00:00,2.6,1.4083891,,
2022-02-16 07:00:00,2.6,1.5218503,,
2022-02-16 08:00:00,3.0,2.0491421,,
2022-02-16 09:00:00,3.0,1.5098126,,
2022-02-16 10:00:00,3.0,1.5705856,,
2022-02-16 11:00:00,2.6,1.8408391,,
2022-02-16 12:00:00,2.6,1.555492,,
2022-02-16 13:00:00,2.6,1.9661261,,
2022-02-16 14:00:00,2.3,1.905315,,
2022-02-16 15:00:00,2.3,1.5000865,,
2022-02-16 16:00:00,2.3,0.7979664,,
2022-02-16 17:00:00,1.3,0.7535482,,
2022-02-16 18:00:00,1.3,0.8963221,,
2022-02-16 19:00:00,1.3,0.923497,,
2022-02-16 20:00:00,1.0,0.98840505,,
2022-02-16 21:00:00,1.0,0.84125787,,
2022-02-16 22:00:00,1.0,0.841358,,
2022-02-16 23:00:00,1.0,0.7669168,,
2022-02-17 00:00:00,1.0,0.5919176,,
2022-02-17 01:00:00,1.0,0.4820971,,
2022-02-17 02:00:00,1.0,0.6493141,,
2022-02-17 03:00:00,1.0,0.6738616,,
2022-02-17 04:00:00,1.0,0.5792108,,
2022-02-17 05:00:00,0.0,0.44945487,,
2022-02-17 06:00:00,0.0,0.3820803,,
2022-02-17 07:00:00,0.0,0.5719345,,
2022-02-17 08:00:00,1.0,0.49510965,,
2022-02-17 09:00:00,1.0,0.66922146,,
2022-02-17 10:00:00,1.0,0.6554239,,
2022-02-17 11:00:00,1.3,0.5672947,,
2022-02-17 12:00:00,1.3,0.56457126,,
2022-02-17 13:00:00,1.3,0.5126425,,
2022-02-17 14:00:00,0.0,0.5235354,,
2022-02-17 15:00:00,0.0,0.5454587,,
2022-02-17 16:00:00,0.0,0.63423413,,
2022-02-17 17:00:00,0.0,0.41980362,,
2022-02-17 18:00:00,0.0,0.4786648,,
2022-02-17 19:00:00,0.0,0.49507493,,
2022-02-17 20:00:00,1.3,0.6459044,,
2022-02-17 21:00:00,1.3,0.67410535,,
2022-02-17 22:00:00,1.3,0.8004796,,
2022-02-17 23:00:00,1.3,1.2042277,,
2022-02-18 00:00:00,1.3,1.0466974,,
2022-02-18 01:00:00,1.3,1.2004871,,
2022-02-18 02:00:00,1.6,1.3426514,,
2022-02-18 03:00:00,1.6,1.0681183,,
2022-02-18 04:00:00,1.6,1.2560495,,
2022-02-18 05:00:00,1.6,1.5766007,,
2022-02-18 06:00:00,1.6,1.6123741,,
2022-02-18 07:00:00,1.6,1.0092539,,
2022-02-18 08:00:00,2.6,0.9549244,,
2022-02-18 09:00:00,2.6,2.065721,,
2022-02-18 10:00:00,2.6,2.6221547,,
2022-02-18 11:00:00,2.0,2.1333632,,
2022-02-18 12:00:00,2.0,1.9741701,,
2022-02-18 13:00:00,2.0,1.8730444,,
2022-02-18 14:00:00,2.3,1.4379479,,
2022-02-18 15:00:00,2.3,1.4816107,,
2022-02-18 16:00:00,2.3,1.4285743,,
2022-02-18 17:00:00,2.6,1.4391558,,
2022-02-18 18:00:00,2.6,1.0800442,,
2022-02-18 19:00:00,2.6,2.015213,,
2022-02-18 20:00:00,1.3,1.8731579,,
2022-02-18 21:00:00,1.3,2.050242,,
2022-02-18 22:00:00,1.3,1.9217682,,
2022-02-18 23:00:00,1.3,1.823542,,
2022-02-19 00:00:00,1.3,1.5301597,,
2022-02-19 01:00:00,1.3,1.3356804,,
2022-02-19 02:00:00,2.0,1.9399058,,
2022-02-19 03:00:00,2.0,2.0922005,,
2022-02-19 04:00:00,2.0,1.7798036,,
2022-02-19 05:00:00,2.6,1.6125387,,
2022-02-19 06:00:00,2.6,1.6281016,,
2022-02-19 07:00:00,2.6,2.4675672,,
2022-02-19 08:00:00,1.3,2.387611,,
2022-02-19 09:00:00,1.3,1.9827693,,
2022-02-19 10:00:00,1.3,1.5161159,,
2022-02-19 11:00:00,2.3,1.4531872,,
2022-02-19 12:00:00,2.3,1.8015268,,
2022-02-19 13:00:00,2.3,2.0035522,,
2022-02-19 14:00:00,4.6,2.57274,,
2022-02-19 15:00:00,4.6,2.6058545,,
2022-02-19 16:00:00,4.6,3.7428231,,
2022-02-19 17:00:00,3.3,3.4701145,,
2022-02-19 18:00:00,3.3,3.4858615,,
2022-02-19 19:00:00,3.3,2.6679003,,
2022-02-19 20:00:00,2.3,2.2394307,,
2022-02-19 21:00:00,2.3,1.7115761,,
2022-02-19 22:00:00,2.3,1.7905972,,
2022-02-19 23:00:00,1.6,1.6283331,,
2022-02-20 00:00:00,1.6,1.843806,,
2022-02-20 01:00:00,1.6,1.2170855,,
2022-02-20 02:00:00,0.6,1.2096775,,
2022-02-20 03:00:00,0.6,1.2436373,,
2022-02-20 04:00:00,0.6,1.2801704,,
2022-02-20 05:00:00,2.0,1.3004181,,
2022-02-20 06:00:00,2.0,1.3586855,,
2022-02-20 07:00:00,2.0,1.7316828,,
2022-02-20 08:00:00,3.0,1.7435862,,
2022-02-20 09:00:00,3.0,2.0309343,,
2022-02-20 10:00:00,3.0,1.623712,,
2022-02-20 11:00:00,1.6,2.0412192,,
2022-02-20 12:00:00,1.6,2.0959725,,
2022-02-20 13:00:00,1.6,1.4575142,,
2022-02-20 14:00:00,0.6,1.1742294,,
2022-02-20 15:00:00,0.6,1.132775,,
2022-02-20 16:00:00,0.6,1.079675,,
2022-02-20 17:00:00,0.6,1.0485563,,
2022-02-20 18:00:00,0.6,1.6258471,,
2022-02-20 19:00:00,0.6,1.1318045,,
2022-02-20 20:00:00,2.0,0.92512816,,
2022-02-20 21:00:00,2.0,1.1177973,,
2022-02-20 22:00:00,2.0,1.9918245,,
2022-02-20 23:00:00,2.3,1.9459671,,
2022-02-21 00:00:00,2.3,2.4435494,,
2022-02-21 01:00:00,2.3,2.0540814,,
2022-02-21 02:00:00,4.0,1.8982251,,
2022-02-21 03:00:00,4.0,1.456816,,
2022-02-21 04:00:00,4.0,1.3982449,,
2022-02-21 05:00:00,2.6,2.624179,,
2022-02-21 06:00:00,2.6,2.2968032,,
2022-02-21 07:00:00,2.6,2.0647092,,
2022-02-21 08:00:00,3.0,2.081753,,
2022-02-21 09:00:00,3.0,1.4607824,,
2022-02-21 10:00:00,3.0,2.2483191,,
2022-02-21 11:00:00,2.6,2.476006,,
2022-02-21 12:00:00,2.6,1.9647987,,
2022-02-21 13:00:00,2.6,1.7272421,,
2022-02-21 14:00:00,3.0,2.1890397,,
2022-02-21 15:00:00,3.0,2.7328413,,
2022-02-21 16:00:00,3.0,2.4550776,,
2022-02-21 17:00:00,4.3,2.3836753,,
2022-02-21 18:00:00,4.3,2.4971,,
2022-02-21 19:00:00,4.3,2.273889,,
2022-02-21 20:00:00,4.6,2.7382603,,
2022-02-21 21:00:00,4.6,2.9589455,,
2022-02-21 22:00:00,4.6,3.0601106,,
2022-02-21 23:00:00,3.3,2.5664635,,
2022-02-22 00:00:00,3.3,2.1782262,,
2022-02-22 01:00:00,3.3,2.5071902,,
2022-02-22 02:00:00,2.0,2.2604852,,
2022-02-22 03:00:00,2.0,1.4817394,,
2022-02-22 04:00:00,2.0,1.6916687,,
2022-02-22 05:00:00,0.3,1.4727072,,
2022-02-22 06:00:00,0.3,1.3047367,,
2022-02-22 07:00:00,0.3,1.1390474,,
2022-02-22 08:00:00,2.0,1.1326367,,
2022-02-22 09:00:00,2.0,1.0159725,,
2022-02-22 10:00:00,2.0,1.4367892,,
2022-02-22 11:00:00,1.6,1.8096797,,
2022-02-22 12:00:00,1.6,1.4429766,,
2022-02-22 13:00:00,1.6,1.3823484,,
2022-02-22 14:00:00,0.6,1.3492998,,
2022-02-22 15:00:00,0.6,1.0675293,,
2022-02-22 16:00:00,0.6,1.107774,,
2022-02-22 17:00:00,0.3,0.82056886,,
2022-02-22 18:00:00,0.3,0.9722115,,
2022-02-22 19:00:00,0.3,1.1147484,,
2022-02-22 20:00:00,2.0,1.1561086,,
2022-02-22 21:00:00,2.0,0.7174304,,
2022-02-22 22:00:00,2.0,1.9208024,,
2022-02-22 23:00:00,1.6,1.9150728,,
2022-02-23 00:00:00,1.6,1.7666547,,
2022-02-23 01:00:00,1.6,1.0487139,,
2022-02-23 02:00:00,2.0,0.6665829,,
2022-02-23 03:00:00,2.0,0.855468,,
2022-02-23 04:00:00,2.0,1.4204834,,
2022-02-23 05:00:00,2.0,1.3592055,,
2022-02-23 06:00:00,2.0,2.0326598,,
2022-02-23 07:00:00,2.0,1.9862678,,
2022-02-23 08:00:00,1.6,1.696533,,
2022-02-23 09:00:00,1.6,1.5544853,,
2022-02-23 10:00:00,1.6,1.6579425,,
2022-02-23 11:00:00,2.3,1.410176,,
2022-02-23 12:00:00,2.3,1.5303199,,
2022-02-23 13:00:00,2.3,1.4355109,,
2022-02-23 14:00:00,2.6,1.4722929,,
2022-02-23 15:00:00,2.6,1.7566206,,
2022-02-23 16:00:00,2.6,1.6173532,,
2022-02-23 17:00:00,3.0,1.7790903,,
2022-02-23 18:00:00,3.0,1.8593897,,
2022-02-23 19:00:00,3.0,1.3690723,,
2022-02-23 20:00:00,2.3,1.2057908,,
2022-02-23 21:00:00,2.3,1.7808841,,
2022-02-23 22:00:00,2.3,1.7681892,,
2022-02-23 23:00:00,0.3,1.2003294,,
2022-02-24 00:00:00,0.3,1.2556641,,
2022-02-24 01:00:00,0.3,0.8019487,,
2022-02-24 02:00:00,0.0,0.87985706,,
2022-02-24 03:00:00,0.0,0.801919,,
2022-02-24 04:00:00,0.0,0.65963405,,
2022-02-24 05:00:00,0.3,0.55028856,,
2022-02-24 06:00:00,0.3,0.56005627,,
2022-02-24 07:00:00,0.3,0.7543094,,
2022-02-24 08:00:00,0.0,0.5834744,,
2022-02-24 09:00:00,0.0,0.6643782,,
2022-02-24 10:00:00,0.0,0.6134912,,
2022-02-24 11:00:00,1.3,0.65582186,,
2022-02-24 12:00:00,1.3,0.81364596,,
2022-02-24 13:00:00,1.3,1.6277065,,
2022-02-24 14:00:00,2.0,1.753323,,
2022-02-24 15:00:00,2.0,1.9948505,,
2022-02-24 16:00:00,2.0,1.4635092,,
2022-02-24 17:00:00,2.3,2.0206122,,
2022-02-24 18:00:00,2.3,1.6633368,,
2022-02-24 19:00:00,2.3,1.5881656,,
2022-02-24 20:00:00,3.0,0.9641803,,
2022-02-24 21:00:00,3.0,1.7449309,,
2022-02-24 22:00:00,3.0,1.9665741,,
2022-02-24 23:00:00,3.3,1.8943211,,
2022-02-25 00:00:00,3.3,1.1662271,,
2022-02-25 01:00:00,3.3,1.5595375,,
2022-02-25 02:00:00,2.3,1.7464752,,
2022-02-25 03:00:00,2.3,1.6654698,,
2022-02-25 04:00:00,2.3,1.2921846,,
2022-02-25 05:00:00,0.3,1.3238074,,
2022-02-25 06:00:00,0.3,0.89538157,,
2022-02-25 07:00:00,0.3,0.8297733,,
2022-02-25 08:00:00,0.0,0.8574085,,
2022-02-25 09:00:00,0.0,0.7406643,,
2022-02-25 10:00:00,0.0,0.7329124,,
2022-02-25 11:00:00,1.0,0.8036953,,
2022-02-25 12:00:00,1.0,0.74982256,,
2022-02-25 13:00:00,1.0,0.6398252,,
2022-02-25 14:00:00,0.0,0.6738686,,
2022-02-25 15:00:00,0.0,0.5066009,,
2022-02-25 16:00:00,0.0,0.6027787,,
2022-02-25 17:00:00,0.0,0.549603,,
2022-02-25 18:00:00,0.0,0.5176793,,
2022-02-25 19:00:00,0.0,0.39126712,,
2022-02-25 20:00:00,0.6,0.43646947,,
2022-02-25 21:00:00,0.6,0.7980055,,
2022-02-25 22:00:00,0.6,0.65262675,,
2022-02-25 23:00:00,0.3,0.39258665,,
2022-02-26 00:00:00,0.3,0.4774397,,
2022-02-26 01:00:00,0.3,0.4349865,,
2022-02-26 02:00:00,0.0,0.49440604,,
2022-02-26 03:00:00,0.0,0.5294349,,
2022-02-26 04:00:00,0.0,0.51183367,,
2022-02-26 05:00:00,0.0,0.42618793,,
2022-02-26 06:00:00,0.0,0.5113784,,
2022-02-26 07:00:00,0.0,0.6353992,,
2022-02-26 08:00:00,0.0,0.5524041,,
2022-02-26 09:00:00,0.0,0.68778133,,
2022-02-26 10:00:00,0.0,0.8556217,,
2022-02-26 11:00:00,0.0,0.775292,,
2022-02-26 12:00:00,0.0,0.7413584,,
2022-02-26 13:00:00,0.0,0.71061015,,
2022-02-26 14:00:00,0.6,0.63719076,,
2022-02-26 15:00:00,0.6,0.82558155,,
2022-02-26 16:00:00,0.6,0.6906736,,
2022-02-26 17:00:00,1.6,0.84536093,,
2022-02-26 18:00:00,1.6,1.210055,,
2022-02-26 19:00:00,1.6,1.8297212,,
2022-02-26 20:00:00,3.6,1.6763779,,
2022-02-26 21:00:00,3.6,2.6791935,,
2022-02-26 22:00:00,3.6,3.3638427,,
2022-02-26 23:00:00,3.3,3.4649074,,
2022-02-27 00:00:00,3.3,2.2052531,,
2022-02-27 01:00:00,3.3,2.5285552,,
2022-02-27 02:00:00,3.0,2.5487657,,
2022-02-27 03:00:00,3.0,2.4320576,,
2022-02-27 04:00:00,3.0,1.4982502,,
2022-02-27 05:00:00,3.0,1.743789,,
2022-02-27 06:00:00,3.0,2.1803617,,
2022-02-27 07:00:00,3.0,1.8720617,,
2022-02-27 08:00:00,2.0,2.2837877,,
2022-02-27 09:00:00,2.0,1.681255,,
2022-02-27 10:00:00,2.0,2.462625,,
2022-02-27 11:00:00,1.3,1.5754559,,
2022-02-27 12:00:00,1.3,1.3639328,,
2022-02-27 13:00:00,1.3,1.4457823,,
2022-02-27 14:00:00,1.6,1.5083269,,
2022-02-27 15:00:00,1.6,1.5682106,,
2022-02-27 16:00:00,1.6,1.5949743,,
2022-02-27 17:00:00,2.3,1.532909,,
2022-02-27 18:00:00,2.3,2.1346605,,
2022-02-27 19:00:00,2.3,1.8717585,,
2022-02-27 20:00:00,1.3,2.308867,,
2022-02-27 21:00:00,1.3,1.4172443,,
2022-02-27 22:00:00,1.3,1.8517511,,
2022-02-27 23:00:00,2.0,1.7473993,,
2022-02-28 00:00:00,2.0,2.3519342,,
2022-02-28 01:00:00,2.0,1.9017277,,
2022-02-28 02:00:00,2.0,1.4537742,,
2022-02-28 03:00:00,2.0,1.6472356,,
2022-02-28 04:00:00,2.0,2.1864522,,
2022-02-28 05:00:00,1.6,2.0192165,,
2022-02-28 06:00:00,1.6,1.3247591,,
2022-02-28 07:00:00,1.6,1.1956813,,
2022-02-28 08:00:00,2.0,1.4440243,,
2022-02-28 09:00:00,2.0,1.3795627,,
2022-02-28 10:00:00,2.0,1.259198,,
2022-02-28 11:00:00,1.3,1.5134319,,
2022-02-28 12:00:00,1.3,1.3416446,,
2022-02-28 13:00:00,1.3,1.1550299,,
2022-02-28 14:00:00,2.0,1.0973428,,
2022-02-28 15:00:00,2.0,1.0809644,,
2022-02-28 16:00:00,2.0,1.6479282,,
2022-02-28 17:00:00,2.0,1.3198092,,
2022-02-28 18:00:00,2.0,1.3333738,,
2022-02-28 19:00:00,2.0,1.1855465,,
2022-02-28 20:00:00,2.3,1.4509827,,
2022-02-28 21:00:00,2.3,1.169623,,
2022-02-28 22:00:00,2.3,1.7413692,,
2022-02-28 23:00:00,2.0,2.026185,,
2022-03-01 00:00:00,2.0,1.8480787,,
2022-03-01 01:00:00,2.0,1.4862239,,
2022-03-01 02:00:00,2.3,1.4329395,,
2022-03-01 03:00:00,2.3,1.56125,,
2022-03-01 04:00:00,2.3,1.9074831,,
2022-03-01 05:00:00,1.6,1.8911556,,
2022-03-01 06:00:00,1.6,1.6099945,,
2022-03-01 07:00:00,1.6,1.788245,,
2022-03-01 08:00:00,2.3,1.7220885,,
2022-03-01 09:00:00,2.3,1.6221468,,
2022-03-01 10:00:00,2.3,1.7692932,,
2022-03-01 11:00:00,1.6,1.5111414,,
2022-03-01 12:00:00,1.6,1.2470629,,
2022-03-01 13:00:00,1.6,1.1174009,,
2022-03-01 14:00:00,0.6,1.1998546,,
2022-03-01 15:00:00,0.6,1.0855271,,
2022-03-01 16:00:00,0.6,1.0920103,,
2022-03-01 17:00:00,0.6,0.93012524,,
2022-03-01 18:00:00,0.6,1.3226235,,
2022-03-01 19:00:00,0.6,1.1864188,,
2022-03-01 20:00:00,0.6,1.1337322,,
2022-03-01 21:00:00,0.6,0.97110546,,
2022-03-01 22:00:00,0.6,1.0247362,,
2022-03-01 23:00:00,1.6,1.1231463,,
2022-03-02 00:00:00,1.6,1.1221699,,
2022-03-02 01:00:00,1.6,1.0828559,,
2022-03-02 02:00:00,0.6,0.94780505,,
2022-03-02 03:00:00,0.6,0.9147612,,
2022-03-02 04:00:00,0.6,0.8097819,,
2022-03-02 05:00:00,0.6,0.82021934,,
2022-03-02 06:00:00,0.6,0.82596415,,
2022-03-02 07:00:00,0.6,0.70111334,,
2022-03-02 08:00:00,0.3,0.76114285,,
2022-03-02 09:00:00,0.3,0.67726034,,
2022-03-02 10:00:00,0.3,0.6028471,,
2022-03-02 11:00:00,1.0,0.5816503,,
2022-03-02 12:00:00,1.0,0.66963345,,
2022-03-02 13:00:00,1.0,0.78718907,,
2022-03-02 14:00:00,0.3,0.70189106,,
2022-03-02 15:00:00,0.3,0.6338182,,
2022-03-02 16:00:00,0.3,0.46019593,,
2022-03-02 17:00:00,0.6,0.5195254,,
2022-03-02 18:00:00,0.6,0.53127205,,
2022-03-02 19:00:00,0.6,0.5447628,,
2022-03-02 20:00:00,0.3,0.5057751,,
2022-03-02 21:00:00,0.3,0.5500362,,
2022-03-02 22:00:00,0.3,0.5759599,,
2022-03-02 23:00:00,0.3,0.7294403,,
2022-03-03 00:00:00,0.3,0.6321219,,
2022-03-03 01:00:00,0.3,0.5919432,,
2022-03-03 02:00:00,1.0,0.6139981,,
2022-03-03 03:00:00,1.0,0.5393507,,
2022-03-03 04:00:00,1.0,0.5217303,,
2022-03-03 05:00:00,1.3,0.8305858,,
2022-03-03 06:00:00,1.3,0.952505,,
2022-03-03 07:00:00,1.3,0.98277617,,
2022-03-03 08:00:00,2.0,1.480799,,
2022-03-03 09:00:00,2.0,1.5271276,,
2022-03-03 10:00:00,2.0,1.6436269,,
2022-03-03 11:00:00,2.3,1.7499018,,
2022-03-03 12:00:00,2.3,1.8663566,,
2022-03-03 13:00:00,2.3,1.209013,,
2022-03-03 14:00:00,3.3,1.6261985,,
2022-03-03 15:00:00,3.3,1.5867302,,
2022-03-03 16:00:00,3.3,1.9182163,,
2022-03-03 17:00:00,2.6,2.5245414,,
2022-03-03 18:00:00,2.6,1.305364,,
2022-03-03 19:00:00,2.6,0.90921974,,
2022-03-03 20:00:00,2.0,1.8136314,,
2022-03-03 21:00:00,2.0,1.5357924,,
2022-03-03 22:00:00,2.0,1.4727046,,
2022-03-03 23:00:00,1.6,1.5512177,,
2022-03-04 00:00:00,1.6,1.9592783,,
2022-03-04 01:00:00,1.6,2.369338,,
2022-03-04 02:00:00,1.3,2.237455,,
2022-03-04 03:00:00,1.3,1.4935573,,
2022-03-04 04:00:00,1.3,1.2045748,,
2022-03-04 05:00:00,2.0,1.1801398,,
2022-03-04 06:00:00,2.0,1.9209912,,
2022-03-04 07:00:00,2.0,1.6221821,,
2022-03-04 08:00:00,2.3,1.7539902,,
2022-03-04 09:00:00,2.3,1.5765072,,
2022-03-04 10:00:00,2.3,1.5399221,,
2022-03-04 11:00:00,3.3,2.3182554,,
2022-03-04 12:00:00,3.3,1.8266195,,
2022-03-04 13:00:00,3.3,1.1437857,,
2022-03-04 14:00:00,3.3,1.2241707,,
2022-03-04 15:00:00,3.3,1.6907469,,
2022-03-04 16:00:00,3.3,2.2065072,,
2022-03-04 17:00:00,1.6,1.8894984,,
2022-03-04 18:00:00,1.6,1.7897819,,
2022-03-04 19:00:00,1.6,1.1707766,,
2022-03-04 20:00:00,1.6,1.5030855,,
2022-03-04 21:00:00,1.6,1.6162189,,
2022-03-04 22:00:00,1.6,1.9152792,,
2022-03-04 23:00:00,3.6,1.6781466,,
2022-03-05 00:00:00,3.6,1.6851991,,
2022-03-05 01:00:00,3.6,2.364522,,
2022-03-05 02:00:00,4.6,2.96961,,
2022-03-05 03:00:00,4.6,2.948312,,
2022-03-05 04:00:00,4.6,3.8075116,,
2022-03-05 05:00:00,4.0,3.7115834,,
2022-03-05 06:00:00,4.0,2.2778335,,
2022-03-05 07:00:00,4.0,2.4235477,,
2022-03-05 08:00:00,4.6,2.9018266,,
2022-03-05 09:00:00,4.6,3.0209053,,
2022-03-05 10:00:00,4.6,2.341452,,
2022-03-05 11:00:00,5.3,2.5561767,,
2022-03-05 12:00:00,5.3,3.1973352,,
2022-03-05 13:00:00,5.3,3.0583436,,
2022-03-05 14:00:00,4.6,2.5597942,,
2022-03-05 15:00:00,4.6,2.2037983,,
2022-03-05 16:00:00,4.6,2.664158,,
2022-03-05 17:00:00,3.0,2.880985,,
2022-03-05 18:00:00,3.0,2.2937446,,
2022-03-05 19:00:00,3.0,2.0762706,,
2022-03-05 20:00:00,4.6,2.5168755,,
2022-03-05 21:00:00,4.6,2.505887,,
2022-03-05 22:00:00,4.6,2.6955712,,
2022-03-05 23:00:00,3.0,2.0243716,,
2022-03-06 00:00:00,3.0,1.8669516,,
2022-03-06 01:00:00,3.0,1.6881765,,
2022-03-06 02:00:00,3.3,1.7533833,,
2022-03-06 03:00:00,3.3,2.076674,,
2022-03-06 04:00:00,3.3,2.237457,,
2022-03-06 05:00:00,1.0,1.8638153,,
2022-03-06 06:00:00,1.0,1.7846019,,
2022-03-06 07:00:00,1.0,1.4760708,,
2022-03-06 08:00:00,1.6,1.5166479,,
2022-03-06 09:00:00,1.6,1.5412388,,
2022-03-06 10:00:00,1.6,1.7331159,,
2022-03-06 11:00:00,2.3,1.6552794,,
2022-03-06 12:00:00,2.3,1.9392229,,
2022-03-06 13:00:00,2.3,1.8876661,,
2022-03-06 14:00:00,2.3,1.4106123,,
2022-03-06 15:00:00,2.3,1.5456473,,
2022-03-06 16:00:00,2.3,1.4912326,,
2022-03-06 17:00:00,2.3,1.6567261,,
2022-03-06 18:00:00,2.3,1.5035347,,
2022-03-06 19:00:00,2.3,1.4618937,,
2022-03-06 20:00:00,0.6,1.501305,,
2022-03-06 21:00:00,0.6,1.2826674,,
2022-03-06 22:00:00,0.6,0.98506546,,
2022-03-06 23:00:00,1.3,0.72696346,,
2022-03-07 00:00:00,1.3,0.7275545,,
2022-03-07 01:00:00,1.3,0.8370085,,
2022-03-07 02:00:00,3.0,1.0736859,,
2022-03-07 03:00:00,3.0,1.7924969,,
2022-03-07 04:00:00,3.0,1.6553568,,
2022-03-07 05:00:00,2.3,1.4377215,,
2022-03-07 06:00:00,2.3,1.7736626,,
2022-03-07 07:00:00,2.3,1.9999993,,
2022-03-07 08:00:00,2.0,1.9758625,,
2022-03-07 09:00:00,2.0,1.8217583,,
2022-03-07 10:00:00,2.0,1.6549664,,
2022-03-07 11:00:00,1.3,1.3106279,,
2022-03-07 12:00:00,1.3,1.1656424,,
2022-03-07 13:00:00,1.3,1.2371327,,
2022-03-07 14:00:00,2.6,1.0177505,,
2022-03-07 15:00:00,2.6,1.2105036,,
2022-03-07 16:00:00,2.6,1.26636,,
2022-03-07 17:00:00,2.3,1.6528223,,
2022-03-07 18:00:00,2.3,0.9713022,,
2022-03-07 19:00:00,2.3,1.0769215,,
2022-03-07 20:00:00,0.3,1.0296799,,
2022-03-07 21:00:00,0.3,0.92527676,,
2022-03-07 22:00:00,0.3,0.73768,,
2022-03-07 23:00:00,0.6,0.7241613,,
2022-03-08 00:00:00,0.6,0.7319959,,
2022-03-08 01:00:00,0.6,0.7358712,,
2022-03-08 02:00:00,0.6,0.7712921,,
2022-03-08 03:00:00,0.6,0.7733557,,
2022-03-08 04:00:00,0.6,0.83594835,,
2022-03-08 05:00:00,0.0,0.93639076,,
2022-03-08 06:00:00,0.0,0.87907565,,
2022-03-08 07:00:00,0.0,0.69265234,,
2022-03-08 08:00:00,1.3,0.75881135,,
2022-03-08 09:00:00,1.3,0.93990624,,
2022-03-08 10:00:00,1.3,0.8172901,,
2022-03-08 11:00:00,2.0,0.9420058,,
2022-03-08 12:00:00,2.0,0.8323431,,
2022-03-08 13:00:00,2.0,0.8365841,,
2022-03-08 14:00:00,2.6,0.9500987,,
2022-03-08 15:00:00,2.6,1.1435719,,
2022-03-08 16:00:00,2.6,0.95378876,,
2022-03-08 17:00:00,0.6,0.9519552,,
2022-03-08 18:00:00,0.6,0.7139438,,
2022-03-08 19:00:00,0.6,0.5397091,,
2022-03-08 20:00:00,0.6,0.5447875,,
2022-03-08 21:00:00,0.6,0.51489085,,
2022-03-08 22:00:00,0.6,0.76700485,,
2022-03-08 23:00:00,1.0,0.85443944,,
2022-03-09 00:00:00,1.0,0.75699687,,
2022-03-09 01:00:00,1.0,0.6494666,,
2022-03-09 02:00:00,1.0,0.43615714,,
2022-03-09 03:00:00,1.0,0.6003938,,
2022-03-09 04:00:00,1.0,0.8369835,,
2022-03-09 05:00:00,0.6,0.7229527,,
2022-03-09 06:00:00,0.6,0.63688505,,
2022-03-09 07:00:00,0.6,0.7092683,,
2022-03-09 08:00:00,0.3,0.66407746,,
2022-03-09 09:00:00,0.3,0.4729483,,
2022-03-09 10:00:00,0.3,0.4137866,,
2022-03-09 11:00:00,1.6,0.41383916,,
2022-03-09 12:00:00,1.6,0.39861012,,
2022-03-09 13:00:00,1.6,0.47531825,,
2022-03-09 14:00:00,1.6,0.71068734,,
2022-03-09 15:00:00,1.6,0.76531565,,
2022-03-09 16:00:00,1.6,0.5634755,,
2022-03-09 17:00:00,0.6,0.492097,,
2022-03-09 18:00:00,0.6,0.8655573,,
2022-03-09 19:00:00,0.6,1.2666998,,
2022-03-09 20:00:00,1.3,1.2971405,,
2022-03-09 21:00:00,1.3,1.4835236,,
2022-03-09 22:00:00,1.3,1.2273285,,
2022-03-09 23:00:00,1.3,0.86438894,,
2022-03-10 00:00:00,1.3,0.91956484,,
2022-03-10 01:00:00,1.3,1.0573959,,
2022-03-10 02:00:00,1.3,0.8248127,,
2022-03-10 03:00:00,1.3,0.9953831,,
2022-03-10 04:00:00,1.3,1.2728363,,
2022-03-10 05:00:00,2.3,1.4368502,,
2022-03-10 06:00:00,2.3,1.465616,,
2022-03-10 07:00:00,2.3,1.3731658,,
2022-03-10 08:00:00,3.6,1.71961,,
2022-03-10 09:00:00,3.6,2.6818979,,
2022-03-10 10:00:00,3.6,3.1357322,,
2022-03-10 11:00:00,2.3,2.2208219,,
2022-03-10 12:00:00,2.3,1.0886841,,
2022-03-10 13:00:00,2.3,1.3230127,,
2022-03-10 14:00:00,4.0,2.0969222,,
2022-03-10 15:00:00,4.0,2.3616562,,
2022-03-10 16:00:00,4.0,2.958607,,
2022-03-10 17:00:00,3.3,2.6887488,,
2022-03-10 18:00:00,3.3,0.91157895,,
2022-03-10 19:00:00,3.3,1.2384237,,
2022-03-10 20:00:00,4.0,2.1339774,,
2022-03-10 21:00:00,4.0,2.3086295,,
2022-03-10 22:00:00,4.0,2.4741988,,
2022-03-10 23:00:00,2.3,1.8653237,,
2022-03-11 00:00:00,2.3,2.0552645,,
2022-03-11 01:00:00,2.3,1.9302111,,
2022-03-11 02:00:00,3.0,1.4959424,,
2022-03-11 03:00:00,3.0,1.3287271,,
2022-03-11 04:00:00,3.0,1.6719544,,
2022-03-11 05:00:00,3.0,2.3321939,,
2022-03-11 06:00:00,3.0,1.7036371,,
2022-03-11 07:00:00,3.0,2.2692993,,
2022-03-11 08:00:00,3.0,0.94131434,,
2022-03-11 09:00:00,3.0,2.179434,,
2022-03-11 10:00:00,3.0,1.5810592,,
2022-03-11 11:00:00,4.3,1.3130224,,
2022-03-11 12:00:00,4.3,2.191848,,
2022-03-11 13:00:00,4.3,1.9911426,,
2022-03-11 14:00:00,4.6,3.1608455,,
2022-03-11 15:00:00,4.6,2.941742,,
2022-03-11 16:00:00,4.6,2.2687287,,
2022-03-11 17:00:00,4.3,2.6123307,,
2022-03-11 18:00:00,4.3,2.4378629,,
2022-03-11 19:00:00,4.3,2.1453872,,
2022-03-11 20:00:00,2.3,2.0090861,,
2022-03-11 21:00:00,2.3,1.7753193,,
2022-03-11 22:00:00,2.3,0.9888338,,
2022-03-11 23:00:00,1.0,0.7569206,,
2022-03-12 00:00:00,1.0,0.4798612,,
2022-03-12 01:00:00,1.0,0.517005,,
2022-03-12 02:00:00,1.0,0.4713512,,
2022-03-12 03:00:00,1.0,0.58143353,,
2022-03-12 04:00:00,1.0,0.57401663,,
2022-03-12 05:00:00,0.3,0.5087526,,
2022-03-12 06:00:00,0.3,0.5427671,,
2022-03-12 07:00:00,0.3,0.44549876,,
2022-03-12 08:00:00,1.0,0.42944154,,
2022-03-12 09:00:00,1.0,0.52950364,,
2022-03-12 10:00:00,1.0,0.5561095,,
2022-03-12 11:00:00,1.3,0.5592436,,
2022-03-12 12:00:00,1.3,0.7396978,,
2022-03-12 13:00:00,1.3,0.723062,,
2022-03-12 14:00:00,1.3,0.81024325,,
2022-03-12 15:00:00,1.3,0.82654077,,
2022-03-12 16:00:00,1.3,0.80380505,,
2022-03-12 17:00:00,0.6,0.74698913,,
2022-03-12 18:00:00,0.6,0.5611536,,
2022-03-12 19:00:00,0.6,0.38857502,,
2022-03-12 20:00:00,0.3,0.29391113,,
2022-03-12 21:00:00,0.3,0.2768274,,
2022-03-12 22:00:00,0.3,0.28963467,,
2022-03-12 23:00:00,4.0,0.33634263,,
2022-03-13 00:00:00,4.0,0.35190582,,
2022-03-13 01:00:00,4.0,0.38341504,,
2022-03-13 02:00:00,5.6,1.0484778,,
2022-03-13 03:00:00,5.6,4.176683,,
2022-03-13 04:00:00,5.6,4.5560446,,
2022-03-13 05:00:00,5.3,4.4798074,,
2022-03-13 06:00:00,5.3,4.0651007,,
2022-03-13 07:00:00,5.3,2.7658417,,
2022-03-13 08:00:00,5.6,4.1192155,,
2022-03-13 09:00:00,5.6,4.60391,,
2022-03-13 10:00:00,5.6,2.1088243,,
2022-03-13 11:00:00,6.3,2.040381,,
2022-03-13 12:00:00,6.3,2.6152024,,
2022-03-13 13:00:00,6.3,2.2612762,,
2022-03-13 14:00:00,5.6,4.8887286,,
2022-03-13 15:00:00,5.6,3.7986393,,
2022-03-13 16:00:00,5.6,1.4234827,,
2022-03-13 17:00:00,2.6,1.350915,,
2022-03-13 18:00:00,2.6,1.3659956,,
2022-03-13 19:00:00,2.6,1.4576852,,
2022-03-13 20:00:00,1.6,1.498462,,
2022-03-13 21:00:00,1.6,1.3908002,,
2022-03-13 22:00:00,1.6,1.4014238,,
2022-03-13 23:00:00,1.6,1.5539697,,
2022-03-14 00:00:00,1.6,1.5586917,,
2022-03-14 01:00:00,1.6,1.5221899,,
2022-03-14 02:00:00,1.6,1.3042148,,
2022-03-14 03:00:00,1.6,1.3243618,,
2022-03-14 04:00:00,1.6,1.3635826,,
2022-03-14 05:00:00,2.0,1.4570124,,
2022-03-14 06:00:00,2.0,1.3672768,,
2022-03-14 07:00:00,2.0,1.2656424,,
2022-03-14 08:00:00,0.6,1.1686891,,
2022-03-14 09:00:00,0.6,1.2629668,,
2022-03-14 10:00:00,0.6,1.1322933,,
2022-03-14 11:00:00,1.0,1.2669497,,
2022-03-14 12:00:00,1.0,1.279146,,
2022-03-14 13:00:00,1.0,1.1121826,,
2022-03-14 14:00:00,1.0,1.0699304,,
2022-03-14 15:00:00,1.0,0.957177,,
2022-03-14 16:00:00,1.0,0.93952656,,
2022-03-14 17:00:00,1.3,1.1085899,,
2022-03-14 18:00:00,1.3,0.9773695,,
2022-03-14 19:00:00,1.3,1.0765384,,
2022-03-14 20:00:00,0.6,0.89327556,,
2022-03-14 21:00:00,0.6,0.89799327,,
2022-03-14 22:00:00,0.6,0.6114819,,
2022-03-14 23:00:00,0.3,1.184851,,
2022-03-15 00:00:00,0.3,1.0123212,,
2022-03-15 01:00:00,0.3,0.9189235,,
2022-03-15 02:00:00,1.6,1.0485227,,
2022-03-15 03:00:00,1.6,1.2124752,,
2022-03-15 04:00:00,1.6,1.6164217,,
2022-03-15 05:00:00,2.0,1.0442709,,
2022-03-15 06:00:00,2.0,1.230984,,
2022-03-15 07:00:00,2.0,1.1177984,,
2022-03-15 08:00:00,1.3,1.25203,,
2022-03-15 09:00:00,1.3,1.519769,,
2022-03-15 10:00:00,1.3,1.4229631,,
2022-03-15 11:00:00,3.0,0.9507017,,
2022-03-15 12:00:00,3.0,0.98742354,,
2022-03-15 13:00:00,3.0,1.331912,,
2022-03-15 14:00:00,0.6,0.86349833,,
2022-03-15 15:00:00,0.6,0.5647375,,
2022-03-15 16:00:00,0.6,0.53710425,,
2022-03-15 17:00:00,0.0,0.5028655,,
2022-03-15 18:00:00,0.0,0.55520964,,
2022-03-15 19:00:00,0.0,0.596001,,
2022-03-15 20:00:00,0.6,0.63629997,,
2022-03-15 21:00:00,0.6,0.61182106,,
2022-03-15 22:00:00,0.6,0.9219702,,
2022-03-15 23:00:00,1.3,0.98494166,,
2022-03-16 00:00:00,1.3,0.6991265,,
2022-03-16 01:00:00,1.3,0.76792395,,
2022-03-16 02:00:00,2.0,0.8650662,,
2022-03-16 03:00:00,2.0,0.79438484,,
2022-03-16 04:00:00,2.0,0.6212216,,
2022-03-16 05:00:00,2.0,0.89620554,,
2022-03-16 06:00:00,2.0,0.8390501,,
2022-03-16 07:00:00,2.0,0.9541308,,
2022-03-16 08:00:00,2.3,0.81563056,,
2022-03-16 09:00:00,2.3,0.8971165,,
2022-03-16 10:00:00,2.3,0.9181138,,
2022-03-16 11:00:00,2.0,0.812136,,
2022-03-16 12:00:00,2.0,0.9824308,,
2022-03-16 13:00:00,2.0,0.8183392,,
2022-03-16 14:00:00,2.0,0.92267215,,
2022-03-16 15:00:00,2.0,0.99750155,,
2022-03-16 16:00:00,2.0,0.7475159,,
2022-03-16 17:00:00,2.0,0.7199241,,
2022-03-16 18:00:00,2.0,0.56910074,,
2022-03-16 19:00:00,2.0,0.5000993,,
2022-03-16 20:00:00,1.6,1.2092241,,
2022-03-16 21:00:00,1.6,1.3605978,,
2022-03-16 22:00:00,1.6,0.9833763,,
2022-03-16 23:00:00,1.6,1.189359,,
2022-03-17 00:00:00,1.6,0.98615474,,
2022-03-17 01:00:00,1.6,0.7208548,,
2022-03-17 02:00:00,0.6,0.6965538,,
2022-03-17 03:00:00,0.6,0.6737369,,
2022-03-17 04:00:00,0.6,0.71265626,,
2022-03-17 05:00:00,0.6,0.7317314,,
2022-03-17 06:00:00,0.6,0.6492708,,
2022-03-17 07:00:00,0.6,0.49716845,,
2022-03-17 08:00:00,0.3,0.42996627,,
2022-03-17 09:00:00,0.3,0.3588268,,
2022-03-17 10:00:00,0.3,0.47327203,,
2022-03-17 11:00:00,0.6,0.45723477,,
2022-03-17 12:00:00,0.6,0.50303745,,
2022-03-17 13:00:00,0.6,0.43871164,,
2022-03-17 14:00:00,2.0,0.45904225,,
2022-03-17 15:00:00,2.0,0.47199768,,
2022-03-17 16:00:00,2.0,0.627465,,
2022-03-17 17:00:00,0.0,0.71945995,,
2022-03-17 18:00:00,0.0,0.5273994,,
2022-03-17 19:00:00,0.0,0.4032796,,
2022-03-17 20:00:00,0.0,0.35632053,,
2022-03-17 21:00:00,0.0,0.24695504,,
2022-03-17 22:00:00,0.0,0.28167397,,
2022-03-17 23:00:00,0.0,0.2912386,,
2022-03-18 00:00:00,0.0,0.33245686,,
2022-03-18 01:00:00,0.0,0.38142934,,
2022-03-18 02:00:00,0.6,0.3482797,,
2022-03-18 03:00:00,0.6,0.42169142,,
2022-03-18 04:00:00,0.6,0.4251071,,
2022-03-18 05:00:00,0.6,0.26596734,,
2022-03-18 06:00:00,0.6,0.23213895,,
2022-03-18 07:00:00,0.6,0.29543546,,
2022-03-18 08:00:00,0.6,0.27198476,,
2022-03-18 09:00:00,0.6,0.33418736,,
2022-03-18 10:00:00,0.6,0.4305703,,
2022-03-18 11:00:00,0.3,0.50869524,,
2022-03-18 12:00:00,0.3,0.4814652,,
2022-03-18 13:00:00,0.3,0.4363748,,
2022-03-18 14:00:00,0.6,0.50711256,,
2022-03-18 15:00:00,0.6,0.4833816,,
2022-03-18 16:00:00,0.6,0.27513647,,
2022-03-18 17:00:00,0.3,0.44088793,,
2022-03-18 18:00:00,0.3,0.3875442,,
2022-03-18 19:00:00,0.3,0.64350456,,
2022-03-18 20:00:00,2.0,0.8083576,,
2022-03-18 21:00:00,2.0,0.77575815,,
2022-03-18 22:00:00,2.0,0.60503423,,
2022-03-18 23:00:00,1.6,1.0456555,,
2022-03-19 00:00:00,1.6,0.98084986,,
2022-03-19 01:00:00,1.6,0.49309096,,
2022-03-19 02:00:00,0.3,0.6194111,,
2022-03-19 03:00:00,0.3,0.3439048,,
2022-03-19 04:00:00,0.3,0.3236104,,
2022-03-19 05:00:00,0.6,0.35190156,,
2022-03-19 06:00:00,0.6,0.4736279,,
2022-03-19 07:00:00,0.6,0.63845134,,
2022-03-19 08:00:00,1.3,0.6041191,,
2022-03-19 09:00:00,1.3,0.9517706,,
2022-03-19 10:00:00,1.3,1.2036421,,
2022-03-19 11:00:00,2.0,1.1833128,,
2022-03-19 12:00:00,2.0,1.2204449,,
2022-03-19 13:00:00,2.0,1.5885977,,
2022-03-19 14:00:00,3.0,1.754022,,
2022-03-19 15:00:00,3.0,1.6781718,,
2022-03-19 16:00:00,3.0,1.6043012,,
2022-03-19 17:00:00,3.3,1.6027393,,
2022-03-19 18:00:00,3.3,2.2354963,,
2022-03-19 19:00:00,3.3,1.6143351,,
2022-03-19 20:00:00,2.0,1.9996525,,
2022-03-19 21:00:00,2.0,1.6442392,,
2022-03-19 22:00:00,2.0,1.1325747,,
2022-03-19 23:00:00,1.0,0.8398614,,
2022-03-20 00:00:00,1.0,0.64502114,,
2022-03-20 01:00:00,1.0,0.588971,,
2022-03-20 02:00:00,0.6,0.5850225,,
2022-03-20 03:00:00,0.6,0.5856534,,
2022-03-20 04:00:00,0.6,0.5864464,,
2022-03-20 05:00:00,1.0,0.59672326,,
2022-03-20 06:00:00,2.6,0.31710353,,
2022-03-20 07:00:00,2.6,0.37684053,,
2022-03-20 08:00:00,2.6,1.4806181,,
2022-03-20 09:00:00,2.0,1.9737256,,
2022-03-20 10:00:00,2.0,1.2734572,,
2022-03-20 11:00:00,2.0,1.3436844,,
2022-03-20 12:00:00,0.0,0.94989955,,
2022-03-20 13:00:00,0.0,0.8123361,,
2022-03-20 14:00:00,0.0,0.5811764,,
2022-03-20 15:00:00,0.3,0.71368384,,
2022-03-20 16:00:00,0.3,0.7706257,,
2022-03-20 17:00:00,0.3,0.71157134,,
2022-03-20 18:00:00,0.3,0.6886022,,
2022-03-20 19:00:00,0.3,0.6412982,,
2022-03-20 20:00:00,0.3,0.6608356,,
2022-03-20 21:00:00,0.6,0.5055554,,
2022-03-20 22:00:00,0.6,0.6213074,,
2022-03-20 23:00:00,0.6,0.7485763,,
2022-03-21 00:00:00,0.6,0.81282693,,
2022-03-21 01:00:00,0.6,0.7265604,,
2022-03-21 02:00:00,0.6,0.80003387,,
2022-03-21 03:00:00,0.6,0.71235037,,
2022-03-21 04:00:00,0.6,0.5678407,,
2022-03-21 05:00:00,0.6,0.86765575,,
2022-03-21 06:00:00,1.0,1.0825167,,
2022-03-21 07:00:00,1.0,1.2614105,,
2022-03-21 08:00:00,1.0,1.4304737,,
2022-03-21 09:00:00,2.0,1.2577238,,
2022-03-21 10:00:00,2.0,1.4899673,,
2022-03-21 11:00:00,2.0,1.6226339,,
2022-03-21 12:00:00,2.6,1.700504,,
2022-03-21 13:00:00,2.6,1.6520283,,
2022-03-21 14:00:00,2.6,1.7364429,,
2022-03-21 15:00:00,1.3,1.4654706,,
2022-03-21 16:00:00,1.3,1.1085964,,
2022-03-21 17:00:00,1.3,1.31702,,
2022-03-21 18:00:00,0.3,1.0470192,,
2022-03-21 19:00:00,0.3,0.84036237,,
2022-03-21 20:00:00,0.3,0.6380453,,
2022-03-21 21:00:00,1.6,0.35006335,,
2022-03-21 22:00:00,1.6,0.37414935,,
2022-03-21 23:00:00,1.6,0.45373374,,
2022-03-22 00:00:00,1.6,0.521146,,
2022-03-22 01:00:00,1.6,0.73443425,,
2022-03-22 02:00:00,1.6,0.99128306,,
2022-03-22 03:00:00,3.3,1.1646528,,
2022-03-22 04:00:00,3.3,1.1840408,,
2022-03-22 05:00:00,3.3,1.882053,,
2022-03-22 06:00:00,2.3,2.078333,,
2022-03-22 07:00:00,2.3,2.1598532,,
2022-03-22 08:00:00,2.3,2.3121855,,
2022-03-22 09:00:00,2.0,1.00582,,
2022-03-22 10:00:00,2.0,0.78188086,,
2022-03-22 11:00:00,2.0,1.044905,,
2022-03-22 12:00:00,1.0,1.0520922,,
2022-03-22 13:00:00,1.0,1.0971472,,
2022-03-22 14:00:00,1.0,0.9082651,,
2022-03-22 15:00:00,1.6,0.85598195,,
2022-03-22 16:00:00,1.6,1.7141755,,
2022-03-22 17:00:00,1.6,1.9027342,,
2022-03-22 18:00:00,1.3,2.1578379,,
2022-03-22 19:00:00,1.3,1.5533514,,
2022-03-22 20:00:00,1.3,1.548253,,
2022-03-22 21:00:00,1.6,1.6724415,,
2022-03-22 22:00:00,1.6,1.0816717,,
2022-03-22 23:00:00,1.6,0.9830564,,
2022-03-23 00:00:00,2.0,0.8973864,,
2022-03-23 01:00:00,2.0,1.4167885,,
2022-03-23 02:00:00,2.0,0.8249239,,
2022-03-23 03:00:00,1.6,1.1846806,,
2022-03-23 04:00:00,1.6,1.8693794,,
2022-03-23 05:00:00,1.6,0.7021769,,
2022-03-23 06:00:00,0.6,0.5708191,,
2022-03-23 07:00:00,0.6,0.7562184,,
2022-03-23 08:00:00,0.6,0.96422976,,
2022-03-23 09:00:00,3.3,1.2828913,,
2022-03-23 10:00:00,3.3,1.6540174,,
2022-03-23 11:00:00,3.3,2.996907,,
2022-03-23 12:00:00,2.6,2.5972772,,
2022-03-23 13:00:00,2.6,1.918183,,
2022-03-23 14:00:00,2.6,1.4419434,,
2022-03-23 15:00:00,1.3,1.6534631,,
2022-03-23 16:00:00,1.3,1.9454267,,
2022-03-23 17:00:00,1.3,1.4526682,,
2022-03-23 18:00:00,2.3,1.5941349,,
2022-03-23 19:00:00,2.3,2.1020164,,
2022-03-23 20:00:00,2.3,2.2271843,,
2022-03-23 21:00:00,3.3,2.3999295,,
2022-03-23 22:00:00,3.3,2.378052,,
2022-03-23 23:00:00,3.3,1.8797947,,
2022-03-24 00:00:00,2.3,1.4745319,,
2022-03-24 01:00:00,2.3,1.806761,,
2022-03-24 02:00:00,2.3,1.9543273,,
2022-03-24 03:00:00,1.0,1.7232065,,
2022-03-24 04:00:00,1.0,1.7186172,,
2022-03-24 05:00:00,1.0,1.4990444,,
2022-03-24 06:00:00,1.6,1.2882702,,
2022-03-24 07:00:00,1.6,1.3507006,,
2022-03-24 08:00:00,1.6,1.4642435,,
2022-03-24 09:00:00,3.0,1.667929,,
2022-03-24 10:00:00,3.0,1.354791,,
2022-03-24 11:00:00,3.0,1.405003,,
2022-03-24 12:00:00,2.6,1.4045861,,
2022-03-24 13:00:00,2.6,1.2096068,,
2022-03-24 14:00:00,2.6,1.3602705,,
2022-03-24 15:00:00,1.3,1.1709802,,
2022-03-24 16:00:00,1.3,1.4733694,,
2022-03-24 17:00:00,1.3,1.3267939,,
2022-03-24 18:00:00,2.0,1.483148,,
2022-03-24 19:00:00,2.0,1.4121258,,
2022-03-24 20:00:00,2.0,1.461704,,
2022-03-24 21:00:00,2.0,1.4102093,,
2022-03-24 22:00:00,2.0,1.1055977,,
2022-03-24 23:00:00,2.0,1.3856802,,
2022-03-25 00:00:00,1.6,1.2137514,,
2022-03-25 01:00:00,1.6,1.412595,,
2022-03-25 02:00:00,1.6,1.3452466,,
2022-03-25 03:00:00,1.6,1.7481527,,
2022-03-25 04:00:00,1.6,1.8320332,,
2022-03-25 05:00:00,1.6,1.129371,,
2022-03-25 06:00:00,0.6,0.6523239,,
2022-03-25 07:00:00,0.6,0.6188823,,
2022-03-25 08:00:00,0.6,0.610757,,
2022-03-25 09:00:00,2.0,1.0255911,,
2022-03-25 10:00:00,2.0,0.85829365,,
2022-03-25 11:00:00,2.0,0.77478456,,
2022-03-25 12:00:00,0.3,0.6931473,,
2022-03-25 13:00:00,0.3,0.7452003,,
2022-03-25 14:00:00,0.3,0.79829305,,
2022-03-25 15:00:00,0.6,0.77491385,,
2022-03-25 16:00:00,0.6,0.8897993,,
2022-03-25 17:00:00,0.6,0.7492357,,
2022-03-25 18:00:00,1.3,0.9518379,,
2022-03-25 19:00:00,1.3,1.1924223,,
2022-03-25 20:00:00,1.3,0.98154974,,
2022-03-25 21:00:00,0.3,0.90561026,,
2022-03-25 22:00:00,0.3,0.90979135,,
2022-03-25 23:00:00,0.3,0.80019265,,
2022-03-26 00:00:00,2.0,0.7914175,,
2022-03-26 01:00:00,2.0,0.9726969,,
2022-03-26 02:00:00,2.0,1.3338686,,
2022-03-26 03:00:00,3.0,2.382431,,
2022-03-26 04:00:00,3.0,2.9865847,,
2022-03-26 05:00:00,3.0,3.0731173,,
2022-03-26 06:00:00,2.0,2.870277,,
2022-03-26 07:00:00,2.0,1.1621418,,
2022-03-26 08:00:00,2.0,1.1444857,,
2022-03-26 09:00:00,1.6,1.5493488,,
2022-03-26 10:00:00,1.6,2.0900526,,
2022-03-26 11:00:00,1.6,2.1189215,,
2022-03-26 12:00:00,2.0,2.2089467,,
2022-03-26 13:00:00,2.0,1.7724453,,
2022-03-26 14:00:00,2.0,1.6457424,,
2022-03-26 15:00:00,2.0,1.350037,,
2022-03-26 16:00:00,2.0,1.020636,,
2022-03-26 17:00:00,2.0,1.2747698,,
2022-03-26 18:00:00,3.3,1.9702244,,
2022-03-26 19:00:00,3.3,2.5315385,,
2022-03-26 20:00:00,3.3,2.9626234,,
2022-03-26 21:00:00,2.6,3.4337852,,
2022-03-26 22:00:00,2.6,2.9873052,,
2022-03-26 23:00:00,2.6,2.9871764,,
2022-03-27 00:00:00,4.0,2.6473796,,
2022-03-27 01:00:00,4.0,2.626767,,
2022-03-27 02:00:00,4.0,2.618574,,
2022-03-27 03:00:00,4.0,3.2025254,,
2022-03-27 04:00:00,4.0,3.4285462,,
2022-03-27 05:00:00,4.0,3.1054301,,
2022-03-27 06:00:00,3.3,2.4875233,,
2022-03-27 07:00:00,3.3,2.4802713,,
2022-03-27 08:00:00,3.3,2.5145633,,
2022-03-27 09:00:00,4.0,2.4415467,,
2022-03-27 10:00:00,4.0,2.039771,,
2022-03-27 11:00:00,4.0,2.2325654,,
2022-03-27 12:00:00,3.6,2.2625864,,
2022-03-27 13:00:00,3.6,1.8335059,,
2022-03-27 14:00:00,3.6,1.5433657,,
2022-03-27 15:00:00,1.3,1.5988245,,
2022-03-27 16:00:00,1.3,1.6936445,,
2022-03-27 17:00:00,1.3,1.5253652,,
2022-03-27 18:00:00,1.0,1.3946298,,
2022-03-27 19:00:00,1.0,1.3060337,,
2022-03-27 20:00:00,1.0,1.4599893,,
2022-03-27 21:00:00,1.0,1.5267597,,
2022-03-27 22:00:00,1.0,1.3358389,,
2022-03-27 23:00:00,1.0,1.0399418,,
2022-03-28 00:00:00,0.6,0.8167898,,
2022-03-28 01:00:00,0.6,0.7185397,,
2022-03-28 02:00:00,0.6,0.84750193,,
2022-03-28 03:00:00,0.6,0.84580076,,
2022-03-28 04:00:00,0.6,0.65587693,,
2022-03-28 05:00:00,0.6,0.75702184,,
2022-03-28 06:00:00,1.0,0.8148588,,
2022-03-28 07:00:00,1.0,0.91621226,,
2022-03-28 08:00:00,1.0,0.7247081,,
2022-03-28 09:00:00,1.0,0.8363393,,
2022-03-28 10:00:00,1.0,0.7581825,,
2022-03-28 11:00:00,1.0,0.7845496,,
2022-03-28 12:00:00,2.0,1.2048305,,
2022-03-28 13:00:00,2.0,0.9274157,,
2022-03-28 14:00:00,2.0,0.7571593,,
2022-03-28 15:00:00,1.6,1.2478685,,
2022-03-28 16:00:00,1.6,1.0550585,,
2022-03-28 17:00:00,1.6,0.86678064,,
2022-03-28 18:00:00,1.3,0.7617725,,
2022-03-28 19:00:00,1.3,0.8865309,,
2022-03-28 20:00:00,1.3,1.0257944,,
2022-03-28 21:00:00,1.6,0.62758315,,
2022-03-28 22:00:00,1.6,1.0876201,,
2022-03-28 23:00:00,1.6,1.1264756,,
2022-03-29 00:00:00,2.6,1.1230818,,
2022-03-29 01:00:00,2.6,1.0276905,,
2022-03-29 02:00:00,2.6,1.1182063,,
2022-03-29 03:00:00,2.3,1.4710728,,
2022-03-29 04:00:00,2.3,1.4131914,,
2022-03-29 05:00:00,2.3,1.5062554,,
2022-03-29 06:00:00,2.3,1.2286392,,
2022-03-29 07:00:00,2.3,1.036916,,
2022-03-29 08:00:00,2.3,0.84742105,,
2022-03-29 09:00:00,0.0,0.7414031,,
2022-03-29 10:00:00,0.0,0.691457,,
2022-03-29 11:00:00,0.0,0.64454985,,
2022-03-29 12:00:00,0.6,0.5406794,,
2022-03-29 13:00:00,0.6,0.6115182,,
2022-03-29 14:00:00,0.6,0.7293979,,
2022-03-29 15:00:00,0.6,0.6707232,,
2022-03-29 16:00:00,0.6,0.47457576,,
2022-03-29 17:00:00,0.6,0.5687555,,
2022-03-29 18:00:00,1.6,0.6396448,,
2022-03-29 19:00:00,1.6,0.7776969,,
2022-03-29 20:00:00,1.6,0.8787041,,
2022-03-29 21:00:00,0.3,0.63440156,,
2022-03-29 22:00:00,0.3,0.5558907,,
2022-03-29 23:00:00,0.3,0.50023335,,
2022-03-30 00:00:00,2.0,0.45379597,,
2022-03-30 01:00:00,2.0,0.5133431,,
2022-03-30 02:00:00,2.0,0.5645543,,
2022-03-30 03:00:00,2.0,0.7716844,,
2022-03-30 04:00:00,2.0,0.9957655,,
2022-03-30 05:00:00,2.0,1.4920744,,
2022-03-30 06:00:00,3.3,1.7223161,,
2022-03-30 07:00:00,3.3,1.3310522,,
2022-03-30 08:00:00,3.3,1.4920887,,
2022-03-30 09:00:00,4.6,1.5822595,,
2022-03-30 10:00:00,4.6,0.96545506,,
2022-03-30 11:00:00,4.6,0.83096313,,
